{"_wandb":{"runtime":36},"_step":0,"regret":0.7362500000000003,"_timestamp":1.7326586340546281e+09,"_runtime":36.487523}