{"_wandb":{"runtime":320},"_runtime":320.791381,"_step":0,"regret":0.36815440847359115,"_timestamp":1.732813287926788e+09}