{"regret":0.41291076529939064,"_timestamp":1.7326394239872582e+09,"_runtime":56.695593,"_step":0,"_wandb":{"runtime":56}}