{"_step":0,"_wandb":{"runtime":57},"regret":0.3581111405804934,"_timestamp":1.732637660634203e+09,"_runtime":57.618368}