{"_timestamp":1.7326402469982982e+09,"_runtime":57.272681,"_step":0,"_wandb":{"runtime":57},"regret":0.32069686642719547}