{"_timestamp":1.732957771213975e+09,"_runtime":315.3495,"_step":0,"_wandb":{"runtime":315},"reward":0.102125}