{"_timestamp":1.732638479312941e+09,"_runtime":57.061107,"_step":0,"regret":0.6284272014525801,"_wandb":{"runtime":57}}