{"_wandb":{"runtime":56},"regret":0.3245223471503466,"_timestamp":1.732640120165486e+09,"_runtime":56.876931,"_step":0}