{"_step":0,"regret":0.37580147102146544,"_timestamp":1.7328103310917969e+09,"_runtime":320.373586,"_wandb":{"runtime":320}}