{"_runtime":682.783371,"_step":0,"_wandb":{"runtime":682},"reward":0.10962500000000001,"_timestamp":1.732932184063665e+09}