{"_runtime":324.465626,"_step":0,"_wandb":{"runtime":324},"regret":0.05825867272483028,"_timestamp":1.732811316539725e+09}