{"_runtime":57.076559,"_step":0,"_wandb":{"runtime":57},"regret":0.33673693306976443,"_timestamp":1.732638101213363e+09}