{"_wandb":{"runtime":319},"regret":0.37568547069737646,"_timestamp":1.732807708843104e+09,"_runtime":319.075477,"_step":0}