{"_runtime":321.338872,"_wandb":{"runtime":321},"_step":0,"regret":0.3792406825514776,"_timestamp":1.7328149433861382e+09}