{"_timestamp":1.7328283448680792e+09,"_runtime":1779.401228,"_wandb":{"runtime":1779},"_step":0,"regret":0.36512189309679394}