{"_wandb":{"runtime":57},"regret":0.3256167408824913,"_timestamp":1.7326378498081641e+09,"_runtime":57.516002,"_step":0}