{"_wandb":{"runtime":58},"regret":0.29638276941730346,"_timestamp":1.732640058251112e+09,"_runtime":58.069812,"_step":0}