{"_runtime":326.17042,"_step":0,"_wandb":{"runtime":326},"reward":0.1015625,"_timestamp":1.732955516943052e+09}