{"_step":0,"_wandb":{"runtime":933},"regret":0.3837947050683914,"_timestamp":1.7328158804921489e+09,"_runtime":933.660438}