{"_wandb":{"runtime":22},"_timestamp":1.732583862765696e+09,"_runtime":22.453372,"_step":0,"regret":0.16795111372896732}