{"_runtime":56.866676,"_step":0,"_wandb":{"runtime":56},"regret":0.3718479201221827,"_timestamp":1.7326393609625988e+09}