{"_wandb":{"runtime":321},"regret":0.375797669299675,"_timestamp":1.732810984118423e+09,"_runtime":321.146659,"_step":0}