{"_runtime":56.877919,"_wandb":{"runtime":56},"_step":0,"regret":0.3240479986305629,"_timestamp":1.732637912109086e+09}