{"regret":0.3331055222971309,"_timestamp":1.7326387313654778e+09,"_runtime":56.704916,"_wandb":{"runtime":56},"_step":0}