{"_step":0,"reward":0.104625,"_timestamp":1.732958736819843e+09,"_wandb":{"runtime":315},"_runtime":315.831453}