{"_step":0,"_wandb":{"runtime":319},"reward":0.10312500000000001,"_timestamp":1.732960049669277e+09,"_runtime":319.405716}