{"_wandb":{"runtime":36},"regret":0.8131250000000003,"_timestamp":1.7326594898228412e+09,"_runtime":36.423573,"_step":0}