{"_wandb":{"runtime":335},"reward":0.106,"_timestamp":1.7328952111996942e+09,"_runtime":335.880107,"_step":0}