{"_timestamp":1.732658591851823e+09,"_runtime":36.28367,"_wandb":{"runtime":36},"_step":0,"regret":0.7150000000000003}