{"_wandb":{"runtime":37},"_step":0,"regret":0.7200000000000002,"_timestamp":1.732659446943033e+09,"_runtime":37.814988}