{"_runtime":323.556027,"_step":0,"regret":0.0988125,"_timestamp":1.732889498238676e+09,"_wandb":{"runtime":323}}