{"_timestamp":1.732659947020066e+09,"_runtime":37.560316,"_step":0,"_wandb":{"runtime":37},"regret":0.7175000000000002}