{"_wandb":{"runtime":319},"_step":0,"regret":0.4310606346352913,"_timestamp":1.7328083621123211e+09,"_runtime":319.77751}