{"_timestamp":1.732889166876773e+09,"_runtime":321.019889,"_wandb":{"runtime":321},"_step":0,"regret":0.111625}