{"_timestamp":1.732895563258042e+09,"_runtime":345.25453,"_step":0,"_wandb":{"runtime":345},"reward":0.10375}