{"_wandb":{"runtime":322},"_runtime":322.434665,"_step":0,"regret":0.106,"_timestamp":1.732888505599146e+09}