{"reward":0.1066875,"_wandb":{"runtime":317},"_timestamp":1.732891477180464e+09,"_runtime":317.632666,"_step":0}