{"_runtime":322.73893,"_step":0,"_wandb":{"runtime":322},"regret":0.3701101215188456,"_timestamp":1.732806721144757e+09}