{"_wandb":{"runtime":36},"regret":0.7206250000000003,"_timestamp":1.732660115494966e+09,"_runtime":36.639207999999996,"_step":0}