{"_runtime":57.016701,"_step":0,"_wandb":{"runtime":57},"regret":0.3176631909027267,"_timestamp":1.732639046224736e+09}