{"_timestamp":1.732639172277642e+09,"_runtime":57.129318,"_step":0,"_wandb":{"runtime":57},"regret":0.3321145060633692}