{"variable": [1, 2, 3, 4, 5, 10], "data": [[270.01058823529416, 262.8950980392158, 260.9484967320262, 262.4128104575164, 260.9867973856209, 259.12732026143794], [268.3235294117648, 260.5127450980392, 265.5618300653595, 260.2892810457517, 262.3082352941177, 265.1018300653595], [276.28941176470596, 253.22549019607848, 253.15555555555557, 252.43415032679738, 244.85464052287583, 219.56274509803922], [271.22117647058826, 266.7901960784314, 265.2839215686274, 262.3673529411765, 261.2485620915033, 263.94888888888886]]}