{"_step":0,"_wandb":{"runtime":322},"reward":0.1111875,"_timestamp":1.732933167054383e+09,"_runtime":322.337281}