{"regret":0.08469229406247722,"_timestamp":1.732583968712919e+09,"_wandb":{"runtime":22},"_runtime":22.128146,"_step":0}