{"regret":0.2846785188004284,"_timestamp":1.732638164805544e+09,"_runtime":57.717032,"_step":0,"_wandb":{"runtime":57}}