{"_runtime":322.423641,"_step":0,"_wandb":{"runtime":322},"regret":0.36910597013342655,"_timestamp":1.73281197802147e+09}