{"reward":0.10475,"_timestamp":1.732958091840642e+09,"_runtime":316.290439,"_step":0,"_wandb":{"runtime":316}}