{"_wandb":{"runtime":1688},"regret":0.37146587124167924,"_timestamp":1.732832045052626e+09,"_runtime":1688.476279,"_step":0}