{"regret":0.7062500000000003,"_timestamp":1.732659862836384e+09,"_runtime":38.018904,"_step":0,"_wandb":{"runtime":38}}