{"_wandb":{"runtime":37},"regret":0.7037500000000003,"_timestamp":1.732659396308935e+09,"_runtime":37.219129,"_step":0}