{"_step":0,"regret":0.17496381703972796,"_timestamp":1.732583915592606e+09,"_wandb":{"runtime":21},"_runtime":21.950578}