{"_step":0,"regret":0.3343388122556404,"_timestamp":1.7326388575237088e+09,"_runtime":57.059505,"_wandb":{"runtime":57}}