{"_wandb":{"runtime":1737},"regret":0.3674713182253784,"_timestamp":1.7328303020084648e+09,"_runtime":1737.750711,"_step":0}