{"_timestamp":1.7328905047543418e+09,"_runtime":318.391767,"_step":0,"_wandb":{"runtime":318},"reward":0.0993125}