{"_wandb":{"runtime":322},"_step":0,"regret":0.3745103222302418,"_timestamp":1.732808036225667e+09,"_runtime":322.401781}