{"_timestamp":1.732640438816603e+09,"_runtime":58.968865,"_step":0,"_wandb":{"runtime":58},"regret":0.43983388282997876}