{"_step":0,"regret":0.32968448934872857,"_wandb":{"runtime":57},"_timestamp":1.7326382277695959e+09,"_runtime":57.490843}