{"_runtime":56.805222,"_step":0,"_wandb":{"runtime":56},"regret":0.2773993844199755,"_timestamp":1.73263860506432e+09}