{"variable": [3, 5, 10, 30, 60, 100], "data": [[101.70444444444443, 90.46065359477123, 105.17346405228758, 99.99074074074075, 133.7766666666667, 176.96806100217867], [134.19555555555556, 148.59747276688455, 131.64962962962963, 149.25925925925927, 143.030871459695, 149.81960784313722], [33.99333333333334, 41.711241830065354, 58.12274509803921, 122.31666666666663, 185.81943355119827, 206.59655773420482], [152.1651851851852, 152.48562091503268, 157.57908496732026, 152.36666666666667, 147.48505446623096, 152.39342047930282]]}