{"_wandb":{"runtime":330},"_step":0,"reward":0.07100000000000001,"_timestamp":1.7328928127231638e+09,"_runtime":330.002725}