{"_wandb":{"runtime":317},"reward":0.10281249999999999,"_timestamp":1.732959723425026e+09,"_runtime":317.690498,"_step":0}