{"_runtime":324.975937,"_step":0,"reward":0.105875,"_wandb":{"runtime":324},"_timestamp":1.7329328407674382e+09}