{"variable": [3, 6, 12, 25, 50, 100, 200, 400, 600, 1000, 1500, 2100], "data": [[0.11903544560185186, 0.1168898292824074, 0.13009968171296296, 0.10285185185185187, 0.13227777777777783, 0.19049999999999997, 0.22164814814814818, 0.2378148148148149, 0.24172222222222237, 0.23979629629629629, 0.24042592592592602, 0.2392407407407408], [0.13755324074074077, 0.15265755208333331, 0.12677727141203704, 0.1707592592592592, 0.16420370370370374, 0.14444444444444443, 0.1782037037037037, 0.15135185185185185, 0.17474074074074072, 0.19544444444444448, 0.16964814814814813, 0.16557407407407407], [0.038193287037037046, 0.050790509259259264, 0.08215436921296297, 0.12318518518518515, 0.18566666666666665, 0.23700000000000002, 0.2329444444444445, 0.23966666666666658, 0.24162962962962967, 0.23931481481481487, 0.23516666666666658, 0.23955555555555563], [0.16867086226851855, 0.15697677951388891, 0.15818887442129625, 0.17175925925925928, 0.16403703703703704, 0.16157407407407404, 0.1775, 0.16292592592592595, 0.16740740740740742, 0.16640740740740742, 0.1612962962962963, 0.1593148148148148]]}