{"reward":0.1056875,"_timestamp":1.732933826669739e+09,"_runtime":328.979599,"_step":0,"_wandb":{"runtime":328}}