{"_wandb":{"runtime":318},"reward":0.1098125,"_timestamp":1.732932510361953e+09,"_runtime":318.263328,"_step":0}