{"_wandb":{"runtime":58},"_step":0,"regret":0.059056491314420964,"_timestamp":1.7326405019891598e+09,"_runtime":58.623552}