{"_timestamp":1.732638669124526e+09,"_runtime":57.482466,"_step":0,"regret":0.33022819552607735,"_wandb":{"runtime":57}}