{"reward":0.1043125,"_timestamp":1.732956193184322e+09,"_runtime":328.426506,"_step":0,"_wandb":{"runtime":328}}