{"_step":0,"_wandb":{"runtime":327},"regret":0.1034375,"_timestamp":1.732888176731512e+09,"_runtime":327.730417}