{"variable": [5, 10, 100, 200], "data": [[94.66666666666669, 100.6333333333333, 141.86666666666673, 190.16666666666666], [154.09999999999997, 140.0, 157.83333333333331, 116.06666666666662], [45.13333333333333, 59.03333333333331, 201.7333333333334, 219.86666666666676], [155.5333333333333, 135.6666666666667, 151.2, 168.09999999999994]]}