{"variable": [1, 2, 3, 4, 5], "data": [[544.3794117647059, 526.0484967320261, 532.2538344226581, 522.1861111111112, 521.1248366013072], [549.3452941176472, 534.6308496732028, 530.0293899782135, 522.3604248366015, 524.1781699346406], [543.5970588235294, 529.1596078431373, 523.5347494553379, 506.89986928104594, 497.7749019607843], [536.4482352941179, 526.6715032679739, 532.7015904139433, 527.3416339869281, 520.6602614379085]]}