{"_wandb":{"runtime":56},"_runtime":56.573514,"_step":0,"regret":0.5164163933837586,"_timestamp":1.732638541728506e+09}