{"regret":0.7200000000000002,"_timestamp":1.732659143299e+09,"_runtime":37.982836,"_step":0,"_wandb":{"runtime":37}}