{"_runtime":340.238923,"_step":0,"reward":0.0991875,"_wandb":{"runtime":340},"_timestamp":1.732893505520524e+09}