{"_timestamp":1.73295745117886e+09,"_runtime":315.831615,"_wandb":{"runtime":315},"_step":0,"reward":0.108625}