{"regret":0.3708321670198124,"_timestamp":1.732842282815567e+09,"_runtime":325.706005,"_step":0,"_wandb":{"runtime":325}}