{"_wandb":{"runtime":341},"reward":0.0984375,"_timestamp":1.732895918287609e+09,"_runtime":341.90465,"_step":0}