{"_step":0,"_wandb":{"runtime":330},"reward":0.1050625,"_timestamp":1.7328921398230011e+09,"_runtime":330.734346}