{"_timestamp":1.732956521224512e+09,"_runtime":322.384851,"_step":0,"_wandb":{"runtime":322},"reward":0.1155}