{"_step":0,"regret":0.7018750000000002,"_wandb":{"runtime":38},"_timestamp":1.732658340605373e+09,"_runtime":38.005536}