{"_timestamp":1.73263980371051e+09,"_wandb":{"runtime":56},"_runtime":56.976184,"_step":0,"regret":0.30203967299808254}