{"_wandb":{"runtime":36},"_step":0,"regret":0.7287500000000002,"_timestamp":1.7326587186978571e+09,"_runtime":36.645181}