{"_timestamp":1.732927917627257e+09,"_runtime":19503.898141,"_step":0,"_wandb":{"runtime":19503},"reward":0.1056875}