{"_wandb":{"runtime":321},"_timestamp":1.732812631401056e+09,"_runtime":321.693051,"_step":0,"regret":0.3745416902087828}