{"_wandb":{"runtime":35},"_step":0,"regret":0.7268750000000003,"_timestamp":1.732658929004307e+09,"_runtime":35.848623}