{"_timestamp":1.732658972652054e+09,"_runtime":36.147192,"_step":0,"_wandb":{"runtime":36},"regret":0.6950000000000003}