{"_step":0,"_wandb":{"runtime":36},"regret":0.6918750000000002,"_timestamp":1.7326590578140821e+09,"_runtime":36.916183}