{"_step":0,"_wandb":{"runtime":22},"regret":0.1122266574692245,"_timestamp":1.7325838895091689e+09,"_runtime":22.438688}