{"_wandb":{"runtime":37},"_timestamp":1.73265990421489e+09,"_runtime":37.143929,"_step":0,"regret":0.7162500000000003}