{"variable": [3, 6, 12, 25, 50, 100, 200, 400, 600, 1000, 1500, 2100], "data": [[96.21237472766886, 107.71734204793027, 102.398431372549, 110.23159041394334, 123.83660130718954, 170.1754248366013, 211.5316339869281, 215.08043572984752, 215.63816993464053, 219.17328976034855, 216.6117211328976, 214.35882352941175], [117.7311982570806, 131.37254901960785, 97.28248366013071, 140.3540305010893, 129.64335511982574, 138.959477124183, 143.74647058823533, 136.85978213507624, 156.44326797385622, 152.6397603485839, 146.12457516339867, 161.23202614379085], [38.15812636165578, 43.280697167756, 68.40117647058824, 107.91154684095864, 177.85860566448798, 210.69740740740744, 214.12496732026148, 215.89084967320267, 218.6464923747277, 217.1437908496732, 217.3389106753813, 212.90827886710238], [144.160522875817, 145.41054466230935, 144.6690196078431, 139.89019607843136, 144.72614379084968, 147.3492374727669, 147.8337908496732, 139.22183006535946, 147.33668845315904, 147.62527233115466, 134.94936819172113, 153.54967320261437]]}