{"regret":0.3215336120645027,"_timestamp":1.732637787516103e+09,"_runtime":58.319476,"_step":0,"_wandb":{"runtime":58}}