{"_runtime":23.492198,"_step":0,"_wandb":{"runtime":23},"regret":0.2016255892338678,"_timestamp":1.7325838042073631e+09}