{"_runtime":318.957806,"_step":0,"_wandb":{"runtime":318},"reward":0.099375,"_timestamp":1.73295841473526e+09}