{"reward":0.1068125,"_timestamp":1.7328945298823721e+09,"_runtime":329.995918,"_step":0,"_wandb":{"runtime":329}}