{"_wandb":{"runtime":327},"_step":0,"regret":0.1043125,"_timestamp":1.7328898308935528e+09,"_runtime":327.132043}