{"_timestamp":1.7326403103128781e+09,"_runtime":56.843062,"_step":0,"regret":0.04953449389454047,"_wandb":{"runtime":56}}