{"variable": [3, 5, 10, 30, 60, 100, 200, 400, 1000], "data": [[89.32091503267974, 92.22771241830067, 107.29196078431372, 120.20740740740742, 141.10294117647058, 167.07222222222222, 201.8926361655773, 212.4133769063181, 217.39019607843136], [126.55228758169935, 137.24248366013072, 124.56599128540306, 137.8874727668845, 138.390522875817, 115.48333333333335, 153.21424836601307, 152.02350762527234, 151.81196078431373], [36.01797385620916, 43.55490196078431, 61.922244008714614, 124.77679738562091, 190.2843137254902, 208.6922222222222, 212.37873638344226, 215.84161220043578, 222.5672549019608], [146.51960784313727, 145.97176470588235, 146.44270152505447, 140.24270152505449, 148.7868191721133, 152.3388888888889, 149.94923747276687, 144.95357298474943, 138.55071895424834]]}