{"_step":0,"_wandb":{"runtime":56},"regret":0.33257916825993145,"_timestamp":1.732639740026081e+09,"_runtime":56.950458}