{"_step":0,"_wandb":{"runtime":1733},"regret":0.36961806428962485,"_timestamp":1.732826558549825e+09,"_runtime":1733.37913}