{"_wandb":{"runtime":37},"_timestamp":1.7326600735588632e+09,"_runtime":37.203868,"_step":0,"regret":0.7237500000000003}