{"_wandb":{"runtime":319},"_step":0,"regret":0.3754783063895464,"_timestamp":1.732842615602171e+09,"_runtime":319.823615}