{"regret":0.36180738003350893,"_timestamp":1.732640563608587e+09,"_wandb":{"runtime":56},"_runtime":56.923508,"_step":0}