{"_wandb":{"runtime":338},"reward":0.106875,"_timestamp":1.7328938492751858e+09,"_runtime":338.639521,"_step":0}