{"regret":0.36938735997520356,"_timestamp":1.7328247013014889e+09,"_runtime":1696.639374,"_step":0,"_wandb":{"runtime":1696}}