{"_wandb":{"runtime":1689},"regret":0.3641328066786049,"_timestamp":1.732835533009641e+09,"_runtime":1689.378805,"_step":0}