{"_step":0,"_wandb":{"runtime":57},"regret":0.37705407066032004,"_timestamp":1.732637471109638e+09,"_runtime":57.123575}