{"reward":0.0771875,"_timestamp":1.7329613703828511e+09,"_runtime":326.672643,"_step":0,"_wandb":{"runtime":326}}