{"regret":0.7193750000000003,"_timestamp":1.7326588446593258e+09,"_runtime":36.036421,"_step":0,"_wandb":{"runtime":36}}