{"_wandb":{"runtime":37},"_timestamp":1.732658509012318e+09,"_runtime":37.718742,"_step":0,"regret":0.7112500000000003}