{"_step":0,"_wandb":{"runtime":324},"regret":0.38064802987286533,"_timestamp":1.7328142835804238e+09,"_runtime":324.258047}