{"variable": [1, 2], "data": [[0.8100000000000002, 0.37750000000000006], [0.6300000000000001, 0.29500000000000004], [0.8100000000000002, 0.30250000000000005], [0.7200000000000001, 0.36250000000000004]]}