{"_runtime":58.491386,"_step":0,"regret":0.3333866170803618,"_wandb":{"runtime":58},"_timestamp":1.732637724667537e+09}