{"capacity": 0.06655665918327208, "_timestamp": 1732583324.9596741, "_runtime": 22.479992151260376, "_step": 0, "_wandb": {"runtime": 22}}