{"_wandb":{"runtime":1444},"regret":0.3714754557447709,"_timestamp":1.732838769622398e+09,"_runtime":1444.663426,"_step":0}