{"variable": [1], "data": [[5.9333333333333345], [8.8], [8.56666666666667], [8.900000000000002]]}