{"_timestamp":1.732961037632103e+09,"_runtime":323.558809,"_step":0,"reward":0.109875,"_wandb":{"runtime":323}}