{"reward":0.1031875,"_timestamp":1.732894869967283e+09,"_runtime":335.526792,"_wandb":{"runtime":335},"_step":0}