{"_runtime":324.998386,"_step":0,"regret":0.3791615636249929,"_timestamp":1.732809678469933e+09,"_wandb":{"runtime":324}}