{"reward":0.10531249999999999,"_timestamp":1.732959397672368e+09,"_wandb":{"runtime":322},"_runtime":322.052934,"_step":0}