{"_timestamp":1.732658298581471e+09,"_runtime":38.191232,"_wandb":{"runtime":38},"_step":0,"regret":0.7087500000000002}