{"_runtime":22.493096,"_step":0,"_wandb":{"runtime":22},"regret":0.146068248944084,"_timestamp":1.732583942647103e+09}