{"regret":0.3741460207235735,"_timestamp":1.7328337854613702e+09,"_runtime":1733.498785,"_step":0,"_wandb":{"runtime":1733}}