{"_wandb":{"runtime":22},"_step":0,"regret":0.15034887795600171,"_timestamp":1.732584048800213e+09,"_runtime":22.254952}