{"_step":0,"reward":0.1055,"_timestamp":1.732955184612322e+09,"_runtime":322.645263,"_wandb":{"runtime":322}}