{"_wandb":{"runtime":320},"_runtime":320.344396,"_step":0,"regret":0.3798889180090496,"_timestamp":1.732806056115869e+09}