{"_wandb":{"runtime":56},"_runtime":56.909958,"_step":0,"regret":0.3358235531927173,"_timestamp":1.7326395507532868e+09}