{"_wandb":{"runtime":323},"regret":0.37136716454467256,"_timestamp":1.7328090189446971e+09,"_runtime":323.689987,"_step":0}