{"_wandb":{"runtime":56},"regret":0.3354362090512202,"_timestamp":1.732637975304481e+09,"_runtime":56.933776,"_step":0}