{"_wandb":{"runtime":594},"_runtime":594.254705,"_step":0,"reward":0.10800000000000001,"_timestamp":1.73295712236859e+09}