{"reward":0.109625,"_timestamp":1.7328962692268941e+09,"_wandb":{"runtime":338},"_runtime":338.238821,"_step":0}