{"regret":0.40821095118074874,"_timestamp":1.73263753376193e+09,"_runtime":56.478314,"_step":0,"_wandb":{"runtime":56}}