{"_wandb":{"runtime":320},"regret":0.3704135443444804,"_timestamp":1.732814609233757e+09,"_runtime":320.685701,"_step":0}