{"_runtime":38.363159,"_step":0,"_wandb":{"runtime":38},"regret":0.7075000000000002,"_timestamp":1.7326584674269152e+09}