{"_runtime":57.053314,"_step":0,"regret":0.3841411915431101,"_wandb":{"runtime":57},"_timestamp":1.732638290328887e+09}