{"_step":0,"_wandb":{"runtime":335},"reward":0.1005625,"_timestamp":1.73289315221763e+09,"_runtime":335.862767}