{"regret":0.3004020225560228,"_timestamp":1.732639235084791e+09,"_runtime":56.975009,"_step":0,"_wandb":{"runtime":56}}