{"_timestamp":1.732640373215513e+09,"_runtime":56.772432,"_step":0,"_wandb":{"runtime":56},"regret":0.06468924299724511}