{"regret":0.7300000000000003,"_wandb":{"runtime":38},"_timestamp":1.732659712495991e+09,"_runtime":38.037798,"_step":0}