{"regret":0.2847663122074578,"_timestamp":1.732638794583467e+09,"_wandb":{"runtime":57},"_runtime":57.051808,"_step":0}