{"_timestamp":1.7328086888644009e+09,"_runtime":322.090493,"_wandb":{"runtime":322},"_step":0,"regret":0.36963028291419253}