{"_runtime":36.879925,"_step":0,"regret":0.7218750000000003,"_wandb":{"runtime":36},"_timestamp":1.732658803239199e+09}