{"_runtime":22.595613,"_step":0,"_wandb":{"runtime":22},"regret":0.1319336511483342,"_timestamp":1.732583996110049e+09}