{"reward":0.11418750000000001,"_timestamp":1.732954533718496e+09,"_runtime":318.342067,"_step":0,"_wandb":{"runtime":318}}