{"_timestamp":1.7326401836342452e+09,"_runtime":57.212876,"_step":0,"_wandb":{"runtime":57},"regret":0.3473511888935444}