{"_wandb":{"runtime":37},"_step":0,"regret":0.7031250000000003,"_timestamp":1.7326593124411788e+09,"_runtime":37.958198}