{"_wandb":{"runtime":14075},"reward":0.104875,"_timestamp":1.7329109509797518e+09,"_runtime":14075.259678,"_step":0}