{"regret":0.369625287746734,"_timestamp":1.732810655740355e+09,"_runtime":321.10942,"_wandb":{"runtime":321},"_step":0}