{"_runtime":19037.057153,"_step":0,"_wandb":{"runtime":19037},"reward":0.102625,"_timestamp":1.73295286872603e+09}