{"_timestamp":1.73265825557685e+09,"_runtime":37.226497,"_step":0,"_wandb":{"runtime":37},"regret":0.7231250000000002}