{"_step":0,"_wandb":{"runtime":318},"regret":0.3735740224143667,"_timestamp":1.732841621836027e+09,"_runtime":318.716217}