{"_step":0,"regret":0.3506826725386875,"_timestamp":1.732639487548725e+09,"_wandb":{"runtime":57},"_runtime":57.217135999999996}