{"_wandb":{"runtime":316},"reward":0.09987499999999999,"_timestamp":1.7329548550691662e+09,"_runtime":316.285653,"_step":0}