{"_step":0,"_wandb":{"runtime":1732},"regret":0.380800528018463,"_timestamp":1.7328372720958679e+09,"_runtime":1732.587921}