{"_step":0,"regret":0.36195336238054016,"_timestamp":1.732813951520483e+09,"_runtime":321.240782,"_wandb":{"runtime":321}}