{"regret":0.7100000000000003,"_timestamp":1.732658004177744e+09,"_runtime":38.646147,"_step":0,"_wandb":{"runtime":38}}