{"_wandb":{"runtime":37},"_runtime":37.143582,"_step":0,"regret":0.7400000000000003,"_timestamp":1.732660158587666e+09}