{"_timestamp":1.73265838238791e+09,"_runtime":37.662508,"_step":0,"_wandb":{"runtime":37},"regret":0.7218750000000003}