{"_timestamp":1.7328924771399848e+09,"_runtime":328.886197,"_step":0,"_wandb":{"runtime":328},"reward":0.077375}