{"regret":0.3699875133705012,"_timestamp":1.732807049204173e+09,"_runtime":322.153663,"_step":0,"_wandb":{"runtime":322}}