{"_timestamp":1.732954209482002e+09,"_runtime":1324.78031,"_step":0,"_wandb":{"runtime":1324},"reward":0.10799999999999998}