{"variable": [1, 2, 3], "data": [[0.37547389765362527, 0.14428004962206956, 0.08664895138750855], [0.429821639693812, 0.16236359313613283, 0.09166185584410035], [0.3422872137611798, 0.1218763651432882, 0.06894013137829205], [0.5225351922802188, 0.2382388353183344, 0.16193640546779026]]}