{"_wandb":{"runtime":37},"regret":0.7306250000000003,"_timestamp":1.7326591850641532e+09,"_runtime":37.527654,"_step":0}