{"_step":0,"_wandb":{"runtime":37},"regret":0.7225000000000003,"_timestamp":1.732659227052289e+09,"_runtime":37.370331}