{"_runtime":36.062118,"_step":0,"_wandb":{"runtime":36},"regret":0.7318750000000003,"_timestamp":1.732658886928409e+09}