{"_wandb":{"runtime":56},"_timestamp":1.732639108936623e+09,"_runtime":56.74993,"_step":0,"regret":0.29422442144802013}