{"_runtime":37.455436,"_wandb":{"runtime":37},"_step":0,"regret":0.6993750000000003,"_timestamp":1.732659269698627e+09}