{"variable": [1, 2, 3, 6, 10], "data": [[402.30000000000075, 397.0999999999991, 387.9000000000009, 384.0, 393.6999999999993], [408.5999999999991, 394.1999999999993, 401.1666666666661, 388.0999999999991, 385.19999999999936], [420.30000000000086, 406.4000000000009, 384.2666666666677, 371.4333333333338, 348.3000000000004], [403.19999999999925, 406.50000000000006, 398.36666666666684, 397.9000000000009, 388.5]]}