{"_timestamp":1.7326396140949702e+09,"_wandb":{"runtime":57},"_runtime":57.135348,"_step":0,"regret":0.38660204571729895}