{"_step":0,"regret":0.06534525404575507,"_timestamp":1.7325840220104508e+09,"_wandb":{"runtime":21},"_runtime":21.831264}