{"_runtime":551.478856,"_wandb":{"runtime":551},"_step":0,"reward":0.10012499999999999,"_timestamp":1.7328968270712268e+09}