{"_runtime":320.265518,"_step":0,"_wandb":{"runtime":320},"regret":0.3757700538292202,"_timestamp":1.7328123055681431e+09}