{"_timestamp":1.7326593546305401e+09,"_runtime":37.721118,"_step":0,"_wandb":{"runtime":37},"regret":0.7281250000000004}