{"variable": [1, 2], "data": [[0.37231543916938165, 0.13223929206215143], [0.4085819534477635, 0.161698383803813], [0.36777729227933775, 0.13586952431137675], [0.3084953908314982, 0.09634642095960476]]}