{"_runtime":37.76607,"_wandb":{"runtime":37},"_step":0,"regret":0.6731250000000002,"_timestamp":1.7326596179485629e+09}