{"_step":0,"_wandb":{"runtime":37},"regret":0.7212500000000003,"_timestamp":1.7326581288910432e+09,"_runtime":37.02657}