{"regret":0.3737494816012255,"_timestamp":1.732812961844395e+09,"_wandb":{"runtime":323},"_runtime":323.439312,"_step":0}