{"regret":0.7056250000000003,"_timestamp":1.7326580453717172e+09,"_runtime":37.656604,"_step":0,"_wandb":{"runtime":37}}