{"_wandb":{"runtime":321},"_runtime":321.358132,"_step":0,"regret":0.37408406481108214,"_timestamp":1.732811642414405e+09}