{"_runtime":56.463827,"_step":0,"_wandb":{"runtime":56},"regret":0.29615955219205975,"_timestamp":1.7326375965971498e+09}