{"_runtime":327.368316,"_step":0,"_wandb":{"runtime":327},"reward":0.11043750000000001,"_timestamp":1.7329558572015e+09}