{"_wandb":{"runtime":320},"_runtime":320.632652,"_step":0,"reward":0.11056250000000001,"_timestamp":1.732891804874482e+09}