{"variable": [1, 2, 3, 4, 5, 6], "data": [[0.37962827492125, 0.1613880937662401, 0.08487042128999027, 0.0721198001033638, 0.039135737153824825, 0.04160769271829667], [0.4368243805494614, 0.19211054528074586, 0.1285047483812011, 0.08740403169680062, 0.045631084822202614, 0.05723045803541844], [0.3424618225023493, 0.11561717557769927, 0.06474680239297759, 0.03912528000520989, 0.02826307280706767, 0.023061272752112907], [0.5618014020674618, 0.24765801040816185, 0.13921604098749668, 0.10830591983834623, 0.10245175175214653, 0.060733158595232636]]}