{"_wandb":{"runtime":36},"_timestamp":1.732658549783774e+09,"_runtime":36.344591,"_step":0,"regret":0.7287500000000002}