{"_runtime":317.661234,"_step":0,"_wandb":{"runtime":317},"regret":0.3721563242459809,"_timestamp":1.732841295716972e+09}