{"capacity": 0.223942799795504, "_timestamp": 1732583356.115168, "_runtime": 21.53844714164734, "_step": 0, "_wandb": {"runtime": 21}}