{"variable": [3, 5, 10, 30, 60, 100, 200], "data": [[95.73455337690632, 92.50980392156863, 120.84148148148145, 102.78422657952068, 139.98444444444445, 161.41052287581698, 201.7004793028323], [125.40662309368193, 121.43638344226576, 133.63333333333333, 132.98631808278867, 168.4032679738562, 149.0240522875817, 159.60640522875815], [36.910457516339875, 40.79193899782136, 59.78555555555557, 122.10995642701525, 186.25660130718953, 206.07241830065362, 214.05529411764704], [139.71368191721135, 145.9333333333333, 144.51962962962963, 141.63346405228756, 150.88832244008714, 143.30117647058822, 146.29006535947713]]}