{"_step":0,"_wandb":{"runtime":318},"reward":0.10712500000000001,"_timestamp":1.7329590686318588e+09,"_runtime":318.787601}