{"_wandb":{"runtime":36},"_step":0,"regret":0.7675000000000003,"_timestamp":1.732659015282175e+09,"_runtime":36.715311}