{"_timestamp":1.732658214024904e+09,"_runtime":37.779355,"_step":0,"regret":0.7200000000000003,"_wandb":{"runtime":37}}