{"_wandb":{"runtime":317},"regret":0.385640590451404,"_timestamp":1.7328053961383e+09,"_runtime":317.519563,"_step":0}