{"variable": [1, 2, 3, 5, 10], "data": [[271.80000000000007, 265.30000000000007, 262.0333333333333, 258.40000000000003, 260.30000000000007], [276.30000000000007, 257.50000000000006, 268.0, 264.70000000000005, 259.3], [281.70000000000005, 263.6, 263.03333333333336, 238.4, 229.10000000000002], [258.30000000000007, 253.00000000000003, 265.8333333333333, 256.8, 259.5]]}