{"_step":0,"_wandb":{"runtime":318},"reward":0.10262500000000001,"_timestamp":1.732960372605798e+09,"_runtime":318.352954}