{"regret":0.6625000000000003,"_timestamp":1.732659099455512e+09,"_runtime":36.429622,"_step":0,"_wandb":{"runtime":36}}