{"_wandb":{"runtime":37},"regret":0.7343750000000002,"_timestamp":1.732659532592454e+09,"_runtime":37.004879,"_step":0}