{"_wandb":{"runtime":37},"regret":0.7175000000000002,"_timestamp":1.7326599886669528e+09,"_runtime":37.192131,"_step":0}