{"_timestamp":1.73263898291127e+09,"_runtime":56.558634,"_step":0,"_wandb":{"runtime":56},"regret":0.48266460694172664}