{"_wandb":{"runtime":35},"regret":0.7325000000000003,"_timestamp":1.732658759802749e+09,"_runtime":35.787451,"_step":0}