{"_runtime":329.337699,"_step":0,"_wandb":{"runtime":329},"reward":0.0940625,"_timestamp":1.732960707109622e+09}