{"_runtime":38.51814,"_step":0,"_wandb":{"runtime":38},"regret":0.7218750000000003,"_timestamp":1.732659661147066e+09}