{"_step":0,"_wandb":{"runtime":57},"regret":0.3238709929721895,"_timestamp":1.7326383541272562e+09,"_runtime":57.899508}