{"_step":0,"_wandb":{"runtime":56},"regret":0.4259854831739875,"_timestamp":1.732639930108534e+09,"_runtime":56.809271}