{"_timestamp":1.732822997367615e+09,"_runtime":1790.634961,"_step":0,"_wandb":{"runtime":1790},"regret":0.37132662409540346}