{"_timestamp":1.732659574721461e+09,"_runtime":36.949498,"_step":0,"_wandb":{"runtime":36},"regret":0.7593750000000004}