{"_timestamp":1.732639867070663e+09,"_runtime":57.208145,"_wandb":{"runtime":57},"_step":0,"regret":0.3074431573666792}