{"_step":0,"_wandb":{"runtime":37},"regret":0.7006250000000003,"_timestamp":1.732658424626708e+09,"_runtime":37.726181}