{"regret":0.35751936189595224,"_timestamp":1.732639993734328e+09,"_runtime":57.131811,"_wandb":{"runtime":57},"_step":0}