{"0": {"5": {"KABv0": {"score": [1.0, 0.5, 0.25, 0.5], "max": 0.9, "chance": 0.3225}, "KABdriftv0": {"score": [0.5, 1.0, 1.0, 0.75], "max": 0.88025, "chance": 0.32745}, "KABsinv0": {"score": [0.0, 0.25, 0.0, 0.0], "max": 0.4234399285342858, "chance": 0.2}, "KABsinv1": {"score": [0.0, 0.0, 0.0, 0.5], "max": 0.5307560523120476, "chance": 0.26451492195165743}}, "10": {"KABv0": {"score": [0.5, 0.0, 0.0, 0.0], "max": 0.9, "chance": 0.22825000000000004}, "KABdriftv0": {"score": [0.5, 0.5, 0.0, 0.75], "max": 0.8812500000000001, "chance": 0.22982500000000003}, "KABsinv0": {"score": [0.0, 0.0, 0.25, 0.0], "max": 0.24142087246142813, "chance": 0.10000000000000002}, "KABsinv1": {"score": [0.75, 0.0, 0.0, 0.5], "max": 0.5064079912502155, "chance": 0.2463203607053383}}}, "1": {"5": {"KABv0": {"score": [0.75, 0.75, 0.0, 0.5], "max": 0.9, "chance": 0.293}, "KABdriftv0": {"score": [0.75, 1.0, 0.75, 0.25], "max": 0.8825000000000001, "chance": 0.2849}, "KABsinv0": {"score": [0.25, 0.0, 0.0, 0.25], "max": 0.29227834568330213, "chance": 0.2}, "KABsinv1": {"score": [0.5, 0.75, 0.5, 0.75], "max": 0.642954780846098, "chance": 0.39464021870528165}}, "10": {"KABv0": {"score": [0.5, 0.0, 0.5, 0.5], "max": 0.9, "chance": 0.2445}, "KABdriftv0": {"score": [0.75, 0.75, 0.0, 0.25], "max": 0.8845000000000001, "chance": 0.24765}, "KABsinv0": {"score": [0.0, 0.0, 0.25, 0.0], "max": 0.160896827161935, "chance": 0.1}, "KABsinv1": {"score": [0.5, 0.5, 0.0, 0.25], "max": 0.6879024569866079, "chance": 0.22098894954631465}}}, "2": {"5": {"KABv0": {"score": [0.5, 0.25, 0.5, 1.0], "max": 0.9, "chance": 0.30500000000000005}, "KABdriftv0": {"score": [0.5, 1.0, 1.0, 1.0], "max": 0.8795, "chance": 0.31489999999999996}, "KABsinv0": {"score": [0.0, 0.5, 0.0, 0.25], "max": 0.31290114797119306, "chance": 0.19999999999999998}, "KABsinv1": {"score": [0.5, 0.25, 0.0, 0.5], "max": 0.5210793538774, "chance": 0.287874739418993}}, "10": {"KABv0": {"score": [0.5, 0.5, 0.25, 0.25], "max": 0.9, "chance": 0.2705}, "KABdriftv0": {"score": [0.75, 0.25, 0.5, 1.0], "max": 0.88025, "chance": 0.28535}, "KABsinv0": {"score": [0.0, 0.0, 0.0, 0.0], "max": 0.15717616122479072, "chance": 0.09999999999999998}, "KABsinv1": {"score": [0.75, 0.25, 0.25, 0.75], "max": 0.6344678265579542, "chance": 0.20630883719960144}}}, "3": {"5": {"KABv0": {"score": [0.25, 0.0, 0.5, 0.25], "max": 0.9, "chance": 0.361}, "KABdriftv0": {"score": [1.0, 0.75, 0.25, 0.5], "max": 0.8820000000000001, "chance": 0.3709}, "KABsinv0": {"score": [0.25, 0.25, 0.0, 0.25], "max": 0.2796081738117138, "chance": 0.2}, "KABsinv1": {"score": [0.0, 0.0, 0.25, 0.5], "max": 0.46628600183767344, "chance": 0.2342591901029317}}, "10": {"KABv0": {"score": [0.0, 0.5, 0.25, 0.25], "max": 0.9, "chance": 0.25475000000000003}, "KABdriftv0": {"score": [0.25, 0.25, 0.5, 0.25], "max": 0.879, "chance": 0.252275}, "KABsinv0": {"score": [0.5, 0.0, 0.25, 0.25], "max": 0.25998908668663623, "chance": 0.1}, "KABsinv1": {"score": [0.5, 0.5, 0.0, 0.25], "max": 0.49545334356826853, "chance": 0.20358974803934632}}}, "4": {"5": {"KABv0": {"score": [0.75, 0.25, 0.5, 0.5], "max": 0.9, "chance": 0.33999999999999997}, "KABdriftv0": {"score": [0.5, 0.25, 1.0, 1.0], "max": 0.87975, "chance": 0.33999999999999997}, "KABsinv0": {"score": [0.0, 0.5, 0.25, 0.0], "max": 0.2607968976150366, "chance": 0.19999999999999998}, "KABsinv1": {"score": [0.5, 0.25, 0.25, 0.75], "max": 0.6922960128959178, "chance": 0.33000179827676274}}, "10": {"KABv0": {"score": [0.5, 0.0, 0.5, 0.5], "max": 0.9, "chance": 0.23825000000000002}, "KABdriftv0": {"score": [0.75, 0.0, 1.0, 0.0], "max": 0.88375, "chance": 0.238925}, "KABsinv0": {"score": [0.25, 0.25, 0.0, 0.0], "max": 0.18089317461839619, "chance": 0.1}, "KABsinv1": {"score": [0.0, 0.5, 0.0, 0.5], "max": 0.6051896508384123, "chance": 0.22728007368094735}}}}