{"_wandb":{"runtime":56},"regret":0.33772316629383636,"_timestamp":1.732638920033171e+09,"_runtime":56.720396,"_step":0}