{"variable": [1, 2, 3], "data": [[399.6, 392.70000000000005, 403.66666666666674], [407.70000000000005, 407.30000000000007, 396.23333333333335], [413.1000000000001, 380.70000000000005, 391.7], [409.5, 401.0000000000001, 392.5]]}