{"_step":0,"regret":0.36622145260432065,"_timestamp":1.732821198476109e+09,"_runtime":4800.401788,"_wandb":{"runtime":4800}}