{"_runtime":37.394323,"_step":0,"_wandb":{"runtime":37},"regret":0.7250000000000003,"_timestamp":1.732659817593636e+09}