{"_step":0,"_wandb":{"runtime":35},"regret":0.7131250000000002,"_timestamp":1.7326586756799e+09,"_runtime":35.781673}