{"regret":0.3633850339782296,"_timestamp":1.7326380378276281e+09,"_runtime":56.634128,"_step":0,"_wandb":{"runtime":56}}