{"_wandb":{"runtime":57},"_timestamp":1.732639677323158e+09,"_runtime":57.374923,"_step":0,"regret":0.31938874999832173}