{"_runtime":328.486265,"_wandb":{"runtime":328},"_step":0,"regret":0.09675,"_timestamp":1.732888840306283e+09}