{"_step":0,"_wandb":{"runtime":323},"regret":0.37930586289526264,"_timestamp":1.732842943726602e+09,"_runtime":323.726917}