{"regret":0.3767791933063204,"_timestamp":1.732806390671919e+09,"_wandb":{"runtime":321},"_runtime":321.639625,"_step":0}