{"0": {"10": {"KABv0": {"score": [0.8200000000000001, 0.75, 0.8225, 0.83], "max": 0.8200000000000001, "chance": 0.48925}, "KABdriftv0": {"score": [0.7849999999999999, 0.7575000000000001, 0.7075, 0.6925], "max": 0.7755000000000001, "chance": 0.502525}, "KABsinv0": {"score": [0.99, 0.9275, 0.9524999999999999, 0.9], "max": 0.9871151918793502, "chance": 0.49524561383381605}, "KABsinv1": {"score": [0.6275, 0.6225, 0.6375, 0.5475000000000001], "max": 0.6742092739414662, "chance": 0.24583007393336498}}}, "1": {"10": {"KABv0": {"score": [0.77, 0.675, 0.7150000000000001, 0.7925], "max": 0.845, "chance": 0.4885}, "KABdriftv0": {"score": [0.8175, 0.815, 0.8175, 0.8325], "max": 0.861, "chance": 0.5123500000000001}, "KABsinv0": {"score": [1.0, 0.98, 0.96, 0.9075], "max": 0.9997649209964865, "chance": 0.6618075151406534}, "KABsinv1": {"score": [0.6675, 0.645, 0.69, 0.49250000000000005], "max": 0.6934407808650258, "chance": 0.28976710882647594}}}, "2": {"10": {"KABv0": {"score": [0.8725, 0.8425, 0.8574999999999999, 0.8400000000000001], "max": 0.9175, "chance": 0.50225}, "KABdriftv0": {"score": [0.9199999999999999, 0.88, 0.8925000000000001, 0.9275], "max": 0.9372499999999999, "chance": 0.5128250000000001}, "KABsinv0": {"score": [0.9975, 0.9375, 0.975, 0.995], "max": 0.9990463996761312, "chance": 0.5774256241138431}, "KABsinv1": {"score": [0.65, 0.6525000000000001, 0.5925, 0.54], "max": 0.6762879805930785, "chance": 0.3232778577947457}}}, "3": {"10": {"KABv0": {"score": [0.78, 0.75, 0.8575, 0.8425], "max": 0.8225, "chance": 0.531}, "KABdriftv0": {"score": [0.7525, 0.75, 0.7224999999999999, 0.675], "max": 0.7885, "chance": 0.5445}, "KABsinv0": {"score": [0.995, 0.955, 0.9450000000000001, 0.95], "max": 0.9941884745387445, "chance": 0.5287525198634893}, "KABsinv1": {"score": [0.685, 0.645, 0.6225, 0.4525], "max": 0.683353468422786, "chance": 0.2346731133440048}}}, "4": {"10": {"KABv0": {"score": [0.8374999999999999, 0.785, 0.7775000000000001, 0.86], "max": 0.8625, "chance": 0.50525}, "KABdriftv0": {"score": [0.865, 0.79, 0.7825, 0.9125], "max": 0.859, "chance": 0.5266250000000001}, "KABsinv0": {"score": [0.995, 0.945, 0.9724999999999999, 0.9975], "max": 0.9948817588587691, "chance": 0.5095910541784502}, "KABsinv1": {"score": [0.7024999999999999, 0.625, 0.645, 0.585], "max": 0.6762979045821623, "chance": 0.33223721360629677}}}}