{"_wandb":{"runtime":37},"regret":0.4006250000000001,"_timestamp":1.732658170998888e+09,"_runtime":37.112485,"_step":0}