{"_wandb":{"runtime":57},"_step":0,"regret":0.31416648892683247,"_timestamp":1.732639298611785e+09,"_runtime":57.436523}