{"_step":0,"regret":0.3708184514245141,"_timestamp":1.73280934718419e+09,"_runtime":323.209274,"_wandb":{"runtime":323}}