{"_wandb":{"runtime":36},"regret":0.7237500000000003,"_timestamp":1.7326580858558211e+09,"_runtime":36.129135,"_step":0}