{"_wandb":{"runtime":56},"regret":0.3164867130984191,"_timestamp":1.7326384160073972e+09,"_runtime":56.865353,"_step":0}