{"_runtime":321.766087,"_step":0,"_wandb":{"runtime":321},"regret":0.371158500100024,"_timestamp":1.732841949253747e+09}