{"variable": [1, 2, 3, 6, 10], "data": [[404.5640624999999, 399.9000000000001, 389.5833333333333, 389.0, 384.7], [403.190625, 399.3500000000001, 401.4833333333333, 392.56666666666666, 388.20000000000005], [406.348828125, 395.75, 384.3166666666666, 357.7833333333333, 339.95], [405.012890625, 397.34999999999997, 394.7166666666667, 395.55, 395.8999999999999]]}