{"_runtime":319.372406,"_wandb":{"runtime":319},"_step":0,"reward":0.10637500000000001,"_timestamp":1.732890829003655e+09}