{"_step":0,"_wandb":{"runtime":2134},"regret":0.21766699144631954,"_timestamp":1.732840965044996e+09,"_runtime":2134.188343}