{"variable": [1, 2, 3, 4, 5, 6], "data": [[0.6907499999999999, 0.32765625, 0.21595833333333342, 0.16392187500000005, 0.13146249999999998, 0.10860763888888887], [0.66375, 0.33678125000000003, 0.2186180555555555, 0.1627265625, 0.13095, 0.10985763888888887], [0.6958125000000002, 0.33631249999999996, 0.21198611111111107, 0.15977343750000003, 0.12457500000000002, 0.1002708333333333], [0.684, 0.33387500000000014, 0.22073611111111105, 0.166484375, 0.132875, 0.10974305555555555]]}