{"_runtime":22.029514,"_step":0,"regret":0.13082571836896661,"_timestamp":1.732583835628653e+09,"_wandb":{"runtime":22}}