{"_timestamp":1.732933493877751e+09,"_runtime":320.087902,"_wandb":{"runtime":320},"_step":0,"reward":0.10893749999999999}