{"_step":0,"_wandb":{"runtime":37},"regret":0.6856250000000004,"_timestamp":1.732660031443582e+09,"_runtime":37.252999}