{"_wandb":{"runtime":316},"regret":0.36984244079904427,"_timestamp":1.732805072404324e+09,"_runtime":316.540665,"_step":0}