{"_wandb":{"runtime":322},"regret":0.3663031196520607,"_timestamp":1.732810004482822e+09,"_runtime":322.420544,"_step":0}