{"prob_entropy": [[0.00784595417560731, 0.48619254806204215, 2.732576617579726, 3.7098683938267536, 3.8706970272087564]], "model_reward": [[[[0.99, 1.0], [0.89, 0.87], [0.57, 1.0], [1.0, 1.0]], [[0.93, 0.93], [0.8, 0.81], [0.94, 0.91], [0.42, 0.51]], [[0.44, 0.48], [0.4, 0.31], [0.08, 0.18], [0.03, 0.05]], [[0.0, 0.01], [0.11, 0.15], [0.04, 0.01], [0.04, 0.02]], [[0.01, 0.02], [0.02, 0.02], [0.02, 0.04], [0.01, 0.01]]], [[[1.0, 1.0], [0.9, 0.95], [0.51, 1.0], [1.0, 1.0]], [[0.91, 0.92], [0.82, 0.93], [0.62, 0.92], [0.01, 0.96]], [[0.41, 0.38], [0.41, 0.36], [0.13, 0.08], [0.01, 0.02]], [[0.04, 0.06], [0.11, 0.08], [0.02, 0.01], [0.04, 0.01]], [[0.03, 0.02], [0.05, 0.05], [0.03, 0.02], [0.04, 0.01]]], [[[1.0, 1.0], [0.92, 0.93], [0.51, 1.0], [1.0, 0.99]], [[0.86, 0.9], [0.79, 0.82], [0.8, 0.59], [0.86, 0.9]], [[0.28, 0.34], [0.37, 0.35], [0.03, 0.04], [0.0, 0.02]], [[0.03, 0.01], [0.07, 0.07], [0.03, 0.04], [0.02, 0.04]], [[0.01, 0.02], [0.03, 0.05], [0.0, 0.02], [0.03, 0.03]]], [[[1.0, 1.0], [0.9, 0.94], [0.57, 0.99], [1.0, 1.0]], [[0.87, 0.88], [0.81, 0.8], [0.48, 0.91], [0.21, 0.94]], [[0.21, 0.34], [0.37, 0.28], [0.1, 0.14], [0.0, 0.0]], [[0.01, 0.02], [0.2, 0.1], [0.05, 0.02], [0.0, 0.02]], [[0.04, 0.01], [0.1, 0.01], [0.03, 0.04], [0.02, 0.01]]], [[[0.99, 0.99], [0.89, 0.92], [0.51, 1.0], [1.0, 1.0]], [[0.83, 0.91], [0.78, 0.76], [0.75, 0.83], [0.93, 0.55]], [[0.32, 0.37], [0.36, 0.37], [0.05, 0.06], [0.03, 0.01]], [[0.04, 0.05], [0.01, 0.01], [0.02, 0.01], [0.01, 0.01]], [[0.01, 0.01], [0.01, 0.02], [0.02, 0.02], [0.02, 0.01]]], [[[1.0, 1.0], [0.9, 0.89], [0.57, 1.0], [1.0, 1.0]], [[0.88, 0.92], [0.85, 0.79], [0.68, 0.43], [0.5, 0.68]], [[0.31, 0.38], [0.3, 0.39], [0.05, 0.11], [0.0, 0.01]], [[0.02, 0.08], [0.14, 0.07], [0.0, 0.01], [0.03, 0.01]], [[0.06, 0.0], [0.09, 0.05], [0.05, 0.02], [0.0, 0.0]]], [[[1.0, 1.0], [0.89, 0.92], [0.57, 1.0], [1.0, 0.99]], [[0.87, 0.89], [0.82, 0.79], [0.89, 0.94], [0.56, 0.94]], [[0.31, 0.36], [0.31, 0.34], [0.1, 0.05], [0.0, 0.01]], [[0.07, 0.07], [0.12, 0.1], [0.01, 0.06], [0.02, 0.03]], [[0.0, 0.03], [0.06, 0.04], [0.03, 0.04], [0.02, 0.03]]], [[[1.0, 1.0], [0.91, 0.95], [0.57, 1.0], [1.0, 1.0]], [[0.96, 0.91], [0.78, 0.82], [0.47, 0.9], [0.9, 0.62]], [[0.45, 0.34], [0.33, 0.4], [0.06, 0.03], [0.0, 0.02]], [[0.02, 0.09], [0.11, 0.1], [0.03, 0.0], [0.02, 0.02]], [[0.01, 0.02], [0.06, 0.05], [0.0, 0.03], [0.07, 0.04]]], [[[1.0, 1.0], [0.89, 0.86], [0.57, 0.99], [1.0, 1.0]], [[0.87, 0.88], [0.84, 0.76], [0.91, 0.94], [0.01, 0.91]], [[0.35, 0.43], [0.42, 0.45], [0.08, 0.1], [0.01, 0.01]], [[0.01, 0.04], [0.08, 0.13], [0.03, 0.04], [0.02, 0.01]], [[0.01, 0.0], [0.04, 0.06], [0.02, 0.03], [0.01, 0.01]]], [[[1.0, 1.0], [0.88, 0.91], [0.57, 1.0], [1.0, 0.99]], [[0.91, 0.86], [0.82, 0.81], [0.55, 0.92], [0.56, 0.91]], [[0.38, 0.34], [0.25, 0.4], [0.02, 0.04], [0.04, 0.02]], [[0.01, 0.02], [0.17, 0.1], [0.03, 0.0], [0.01, 0.02]], [[0.03, 0.02], [0.05, 0.03], [0.0, 0.01], [0.0, 0.01]]]], "model_reward_std": [[[[0.99, 1.0], [0.89, 0.87], [0.57, 1.0], [1.0, 1.0]], [[0.93, 0.93], [0.8, 0.81], [0.94, 0.91], [0.42, 0.51]], [[0.44, 0.48], [0.4, 0.31], [0.08, 0.18], [0.03, 0.05]], [[0.0, 0.01], [0.11, 0.15], [0.04, 0.01], [0.04, 0.02]], [[0.01, 0.02], [0.02, 0.02], [0.02, 0.04], [0.01, 0.01]]], [[[1.0, 1.0], [0.9, 0.95], [0.51, 1.0], [1.0, 1.0]], [[0.91, 0.92], [0.82, 0.93], [0.62, 0.92], [0.01, 0.96]], [[0.41, 0.38], [0.41, 0.36], [0.13, 0.08], [0.01, 0.02]], [[0.04, 0.06], [0.11, 0.08], [0.02, 0.01], [0.04, 0.01]], [[0.03, 0.02], [0.05, 0.05], [0.03, 0.02], [0.04, 0.01]]], [[[1.0, 1.0], [0.92, 0.93], [0.51, 1.0], [1.0, 0.99]], [[0.86, 0.9], [0.79, 0.82], [0.8, 0.59], [0.86, 0.9]], [[0.28, 0.34], [0.37, 0.35], [0.03, 0.04], [0.0, 0.02]], [[0.03, 0.01], [0.07, 0.07], [0.03, 0.04], [0.02, 0.04]], [[0.01, 0.02], [0.03, 0.05], [0.0, 0.02], [0.03, 0.03]]], [[[1.0, 1.0], [0.9, 0.94], [0.57, 0.99], [1.0, 1.0]], [[0.87, 0.88], [0.81, 0.8], [0.48, 0.91], [0.21, 0.94]], [[0.21, 0.34], [0.37, 0.28], [0.1, 0.14], [0.0, 0.0]], [[0.01, 0.02], [0.2, 0.1], [0.05, 0.02], [0.0, 0.02]], [[0.04, 0.01], [0.1, 0.01], [0.03, 0.04], [0.02, 0.01]]], [[[0.99, 0.99], [0.89, 0.92], [0.51, 1.0], [1.0, 1.0]], [[0.83, 0.91], [0.78, 0.76], [0.75, 0.83], [0.93, 0.55]], [[0.32, 0.37], [0.36, 0.37], [0.05, 0.06], [0.03, 0.01]], [[0.04, 0.05], [0.01, 0.01], [0.02, 0.01], [0.01, 0.01]], [[0.01, 0.01], [0.01, 0.02], [0.02, 0.02], [0.02, 0.01]]], [[[1.0, 1.0], [0.9, 0.89], [0.57, 1.0], [1.0, 1.0]], [[0.88, 0.92], [0.85, 0.79], [0.68, 0.43], [0.5, 0.68]], [[0.31, 0.38], [0.3, 0.39], [0.05, 0.11], [0.0, 0.01]], [[0.02, 0.08], [0.14, 0.07], [0.0, 0.01], [0.03, 0.01]], [[0.06, 0.0], [0.09, 0.05], [0.05, 0.02], [0.0, 0.0]]], [[[1.0, 1.0], [0.89, 0.92], [0.57, 1.0], [1.0, 0.99]], [[0.87, 0.89], [0.82, 0.79], [0.89, 0.94], [0.56, 0.94]], [[0.31, 0.36], [0.31, 0.34], [0.1, 0.05], [0.0, 0.01]], [[0.07, 0.07], [0.12, 0.1], [0.01, 0.06], [0.02, 0.03]], [[0.0, 0.03], [0.06, 0.04], [0.03, 0.04], [0.02, 0.03]]], [[[1.0, 1.0], [0.91, 0.95], [0.57, 1.0], [1.0, 1.0]], [[0.96, 0.91], [0.78, 0.82], [0.47, 0.9], [0.9, 0.62]], [[0.45, 0.34], [0.33, 0.4], [0.06, 0.03], [0.0, 0.02]], [[0.02, 0.09], [0.11, 0.1], [0.03, 0.0], [0.02, 0.02]], [[0.01, 0.02], [0.06, 0.05], [0.0, 0.03], [0.07, 0.04]]], [[[1.0, 1.0], [0.89, 0.86], [0.57, 0.99], [1.0, 1.0]], [[0.87, 0.88], [0.84, 0.76], [0.91, 0.94], [0.01, 0.91]], [[0.35, 0.43], [0.42, 0.45], [0.08, 0.1], [0.01, 0.01]], [[0.01, 0.04], [0.08, 0.13], [0.03, 0.04], [0.02, 0.01]], [[0.01, 0.0], [0.04, 0.06], [0.02, 0.03], [0.01, 0.01]]], [[[1.0, 1.0], [0.88, 0.91], [0.57, 1.0], [1.0, 0.99]], [[0.91, 0.86], [0.82, 0.81], [0.55, 0.92], [0.56, 0.91]], [[0.38, 0.34], [0.25, 0.4], [0.02, 0.04], [0.04, 0.02]], [[0.01, 0.02], [0.17, 0.1], [0.03, 0.0], [0.01, 0.02]], [[0.03, 0.02], [0.05, 0.03], [0.0, 0.01], [0.0, 0.01]]]],