{"prob_entropy": [[0.014872220502123968, 0.4197202678787229, 2.1860576664937437, 3.4553750629766484, 3.789526148478278, 3.8738819318183233]], "model_reward": [[[[1.0, 1.0], [0.9133333333333333, 0.8733333333333333], [0.9933333333333333, 1.0], [1.0, 1.0]], [[0.92, 0.94], [0.8533333333333334, 0.9], [0.9466666666666667, 0.94], [0.9533333333333334, 0.96]], [[0.58, 0.58], [0.5266666666666666, 0.5], [0.37333333333333335, 0.4866666666666667], [0.37333333333333335, 0.16]], [[0.18666666666666668, 0.22666666666666666], [0.25333333333333335, 0.21333333333333335], [0.006666666666666667, 0.013333333333333334], [0.02, 0.02666666666666667]], [[0.013333333333333334, 0.02666666666666667], [0.09333333333333334, 0.12666666666666668], [0.02, 0.02], [0.013333333333333334, 0.02666666666666667]], [[0.006666666666666667, 0.02], [0.006666666666666667, 0.03333333333333333], [0.02, 0.013333333333333334], [0.02, 0.013333333333333334]]], [[[1.0, 1.0], [0.9533333333333334, 0.8866666666666667], [0.9933333333333333, 1.0], [1.0, 1.0]], [[0.96, 0.88], [0.8933333333333333, 0.7866666666666666], [0.62, 0.64], [0.9733333333333334, 0.94]], [[0.62, 0.5533333333333333], [0.5266666666666666, 0.5733333333333334], [0.28, 0.49333333333333335], [0.17333333333333334, 0.4266666666666667]], [[0.15333333333333332, 0.20666666666666667], [0.21333333333333335, 0.26666666666666666], [0.02666666666666667, 0.04], [0.02, 0.10666666666666667]], [[0.0, 0.06666666666666667], [0.12, 0.11333333333333333], [0.02, 0.05333333333333334], [0.013333333333333334, 0.03333333333333333]], [[0.02, 0.03333333333333333], [0.02666666666666667, 0.04], [0.02, 0.02], [0.013333333333333334, 0.006666666666666667]]], [[[1.0, 1.0], [0.92, 0.9066666666666666], [1.0, 0.9866666666666667], [1.0, 1.0]], [[0.9466666666666667, 0.9733333333333334], [0.8533333333333334, 0.86], [0.9266666666666666, 0.96], [0.98, 0.96]], [[0.6466666666666666, 0.64], [0.6066666666666667, 0.5333333333333333], [0.58, 0.5466666666666666], [0.013333333333333334, 0.16]], [[0.15333333333333332, 0.2], [0.2, 0.30666666666666664], [0.006666666666666667, 0.04], [0.04, 0.02]], [[0.07333333333333333, 0.07333333333333333], [0.11333333333333333, 0.09333333333333334], [0.02666666666666667, 0.03333333333333333], [0.02, 0.02]], [[0.02, 0.02], [0.06, 0.04], [0.02666666666666667, 0.006666666666666667], [0.013333333333333334, 0.013333333333333334]]], [[[0.9866666666666667, 1.0], [0.8933333333333333, 0.8733333333333333], [1.0, 1.0], [0.9933333333333333, 1.0]], [[0.9533333333333334, 0.9333333333333333], [0.86, 0.8733333333333333], [0.6533333333333333, 0.9666666666666667], [0.9466666666666667, 0.9333333333333333]], [[0.5933333333333334, 0.6333333333333333], [0.54, 0.62], [0.18, 0.5533333333333333], [0.14, 0.16]], [[0.12666666666666668, 0.31333333333333335], [0.24, 0.19333333333333333], [0.03333333333333333, 0.14666666666666667], [0.013333333333333334, 0.02]], [[0.013333333333333334, 0.05333333333333334], [0.09333333333333334, 0.11333333333333333], [0.02, 0.0], [0.03333333333333333, 0.02]], [[0.006666666666666667, 0.013333333333333334], [0.04, 0.09333333333333334], [0.02, 0.03333333333333333], [0.04666666666666667, 0.02]]], [[[1.0, 1.0], [0.9133333333333333, 0.9266666666666666], [1.0, 1.0], [1.0, 1.0]], [[0.9533333333333334, 0.9466666666666667], [0.8666666666666667, 0.8533333333333334], [0.96, 0.8066666666666666], [0.96, 0.9266666666666666]], [[0.6333333333333333, 0.6], [0.5533333333333333, 0.5133333333333333], [0.42, 0.38], [0.013333333333333334, 0.20666666666666667]], [[0.21333333333333335, 0.22], [0.2866666666666667, 0.23333333333333334], [0.03333333333333333, 0.02], [0.04666666666666667, 0.0]], [[0.013333333333333334, 0.08666666666666667], [0.07333333333333333, 0.12], [0.04, 0.013333333333333334], [0.02666666666666667, 0.013333333333333334]], [[0.02666666666666667, 0.006666666666666667], [0.08, 0.04], [0.013333333333333334, 0.04666666666666667], [0.013333333333333334, 0.04666666666666667]]]], "model_reward_std": [[[[1.0, 1.0], [0.9133333333333333, 0.8733333333333333], [0.9933333333333333, 1.0], [1.0, 1.0]], [[0.92, 0.94], [0.8533333333333334, 0.9], [0.9466666666666667, 0.94], [0.9533333333333334, 0.96]], [[0.58, 0.58], [0.5266666666666666, 0.5], [0.37333333333333335, 0.4866666666666667], [0.37333333333333335, 0.16]], [[0.18666666666666668, 0.22666666666666666], [0.25333333333333335, 0.21333333333333335], [0.006666666666666667, 0.013333333333333334], [0.02, 0.02666666666666667]], [[0.013333333333333334, 0.02666666666666667], [0.09333333333333334, 0.12666666666666668], [0.02, 0.02], [0.013333333333333334, 0.02666666666666667]], [[0.006666666666666667, 0.02], [0.006666666666666667, 0.03333333333333333], [0.02, 0.013333333333333334], [0.02, 0.013333333333333334]]], [[[1.0, 1.0], [0.9533333333333334, 0.8866666666666667], [0.9933333333333333, 1.0], [1.0, 1.0]], [[0.96, 0.88], [0.8933333333333333, 0.7866666666666666], [0.62, 0.64], [0.9733333333333334, 0.94]], [[0.62, 0.5533333333333333], [0.5266666666666666, 0.5733333333333334], [0.28, 0.49333333333333335], [0.17333333333333334, 0.4266666666666667]], [[0.15333333333333332, 0.20666666666666667], [0.21333333333333335, 0.26666666666666666], [0.02666666666666667, 0.04], [0.02, 0.10666666666666667]], [[0.0, 0.06666666666666667], [0.12, 0.11333333333333333], [0.02, 0.05333333333333334], [0.013333333333333334, 0.03333333333333333]], [[0.02, 0.03333333333333333], [0.02666666666666667, 0.04], [0.02, 0.02], [0.013333333333333334, 0.006666666666666667]]], [[[1.0, 1.0], [0.92, 0.9066666666666666], [1.0, 0.9866666666666667], [1.0, 1.0]], [[0.9466666666666667, 0.9733333333333334], [0.8533333333333334, 0.86], [0.9266666666666666, 0.96], [0.98, 0.96]], [[0.6466666666666666, 0.64], [0.6066666666666667, 0.5333333333333333], [0.58, 0.5466666666666666], [0.013333333333333334, 0.16]], [[0.15333333333333332, 0.2], [0.2, 0.30666666666666664], [0.006666666666666667, 0.04], [0.04, 0.02]], [[0.07333333333333333, 0.07333333333333333], [0.11333333333333333, 0.09333333333333334], [0.02666666666666667, 0.03333333333333333], [0.02, 0.02]], [[0.02, 0.02], [0.06, 0.04], [0.02666666666666667, 0.006666666666666667], [0.013333333333333334, 0.013333333333333334]]], [[[0.9866666666666667, 1.0], [0.8933333333333333, 0.8733333333333333], [1.0, 1.0], [0.9933333333333333, 1.0]], [[0.9533333333333334, 0.9333333333333333], [0.86, 0.8733333333333333], [0.6533333333333333, 0.9666666666666667], [0.9466666666666667, 0.9333333333333333]], [[0.5933333333333334, 0.6333333333333333], [0.54, 0.62], [0.18, 0.5533333333333333], [0.14, 0.16]], [[0.12666666666666668, 0.31333333333333335], [0.24, 0.19333333333333333], [0.03333333333333333, 0.14666666666666667], [0.013333333333333334, 0.02]], [[0.013333333333333334, 0.05333333333333334], [0.09333333333333334, 0.11333333333333333], [0.02, 0.0], [0.03333333333333333, 0.02]], [[0.006666666666666667, 0.013333333333333334], [0.04, 0.09333333333333334], [0.02, 0.03333333333333333], [0.04666666666666667, 0.02]]], [[[1.0, 1.0], [0.9133333333333333, 0.9266666666666666], [1.0, 1.0], [1.0, 1.0]], [[0.9533333333333334, 0.9466666666666667], [0.8666666666666667, 0.8533333333333334], [0.96, 0.8066666666666666], [0.96, 0.9266666666666666]], [[0.6333333333333333, 0.6], [0.5533333333333333, 0.5133333333333333], [0.42, 0.38], [0.013333333333333334, 0.20666666666666667]], [[0.21333333333333335, 0.22], [0.2866666666666667, 0.23333333333333334], [0.03333333333333333, 0.02], [0.04666666666666667, 0.0]], [[0.013333333333333334, 0.08666666666666667], [0.07333333333333333, 0.12], [0.04, 0.013333333333333334], [0.02666666666666667, 0.013333333333333334]], [[0.02666666666666667, 0.006666666666666667], [0.08, 0.04], [0.013333333333333334, 0.04666666666666667], [0.013333333333333334, 0.04666666666666667]]]],