{"prob_entropy": [[0.01066734222449336, 0.31174803348121477, 1.9089566310608195, 3.3545987298461566, 3.768214815157881, 3.8693052922274127]], "model_reward": [[[[1.0, 1.0], [0.9133333333333333, 0.88], [1.0, 1.0], [1.0, 0.9933333333333333]], [[0.9533333333333334, 0.9666666666666667], [0.8266666666666667, 0.8133333333333334], [0.6266666666666667, 0.9533333333333334], [0.9666666666666667, 0.96]], [[0.64, 0.64], [0.68, 0.5533333333333333], [0.31333333333333335, 0.41333333333333333], [0.12666666666666668, 0.38]], [[0.20666666666666667, 0.21333333333333335], [0.25333333333333335, 0.18666666666666668], [0.03333333333333333, 0.02666666666666667], [0.013333333333333334, 0.013333333333333334]], [[0.013333333333333334, 0.07333333333333333], [0.16, 0.08666666666666667], [0.03333333333333333, 0.02666666666666667], [0.013333333333333334, 0.02]], [[0.03333333333333333, 0.013333333333333334], [0.03333333333333333, 0.05333333333333334], [0.013333333333333334, 0.03333333333333333], [0.006666666666666667, 0.006666666666666667]]], [[[0.9866666666666667, 0.9933333333333333], [0.9066666666666666, 0.9133333333333333], [1.0, 1.0], [1.0, 1.0]], [[0.9333333333333333, 0.9533333333333334], [0.8466666666666667, 0.7733333333333333], [0.9466666666666667, 0.6466666666666666], [0.98, 0.9533333333333334]], [[0.66, 0.6066666666666667], [0.5333333333333333, 0.58], [0.26666666666666666, 0.4866666666666667], [0.4533333333333333, 0.4266666666666667]], [[0.12, 0.22666666666666666], [0.20666666666666667, 0.19333333333333333], [0.03333333333333333, 0.0], [0.006666666666666667, 0.05333333333333334]], [[0.04, 0.07333333333333333], [0.09333333333333334, 0.07333333333333333], [0.013333333333333334, 0.013333333333333334], [0.02666666666666667, 0.02666666666666667]], [[0.013333333333333334, 0.04], [0.03333333333333333, 0.02666666666666667], [0.04, 0.0], [0.03333333333333333, 0.04]]], [[[1.0, 1.0], [0.9466666666666667, 0.8933333333333333], [1.0, 1.0], [1.0, 1.0]], [[0.94, 0.9333333333333333], [0.84, 0.8333333333333334], [0.96, 0.9466666666666667], [0.92, 0.9266666666666666]], [[0.54, 0.5666666666666667], [0.47333333333333333, 0.5133333333333333], [0.2, 0.4866666666666667], [0.13333333333333333, 0.34]], [[0.10666666666666667, 0.19333333333333333], [0.15333333333333332, 0.26666666666666666], [0.02666666666666667, 0.04], [0.02, 0.006666666666666667]], [[0.04, 0.02666666666666667], [0.10666666666666667, 0.10666666666666667], [0.05333333333333334, 0.006666666666666667], [0.006666666666666667, 0.04]], [[0.02666666666666667, 0.05333333333333334], [0.05333333333333334, 0.04666666666666667], [0.05333333333333334, 0.02], [0.013333333333333334, 0.013333333333333334]]], [[[1.0, 1.0], [0.92, 0.88], [0.9933333333333333, 1.0], [1.0, 1.0]], [[0.9466666666666667, 0.9466666666666667], [0.8333333333333334, 0.8666666666666667], [0.9133333333333333, 0.6133333333333333], [0.9266666666666666, 0.94]], [[0.5066666666666667, 0.56], [0.5533333333333333, 0.5266666666666666], [0.3, 0.32666666666666666], [0.06666666666666667, 0.02]], [[0.14, 0.3], [0.22666666666666666, 0.26], [0.02666666666666667, 0.02], [0.013333333333333334, 0.006666666666666667]], [[0.04666666666666667, 0.06], [0.12, 0.06666666666666667], [0.04666666666666667, 0.013333333333333334], [0.02666666666666667, 0.02]], [[0.006666666666666667, 0.006666666666666667], [0.05333333333333334, 0.08], [0.006666666666666667, 0.02], [0.02666666666666667, 0.02]]], [[[0.9933333333333333, 1.0], [0.8666666666666667, 0.8933333333333333], [0.9933333333333333, 1.0], [0.9933333333333333, 1.0]], [[0.9266666666666666, 0.9733333333333334], [0.84, 0.8266666666666667], [0.64, 0.9133333333333333], [0.96, 0.9333333333333333]], [[0.5866666666666667, 0.5733333333333334], [0.5733333333333334, 0.52], [0.14, 0.4266666666666667], [0.05333333333333334, 0.03333333333333333]], [[0.12, 0.24666666666666667], [0.18, 0.16], [0.06, 0.03333333333333333], [0.05333333333333334, 0.0]], [[0.03333333333333333, 0.04666666666666667], [0.08, 0.05333333333333334], [0.02666666666666667, 0.02666666666666667], [0.013333333333333334, 0.006666666666666667]], [[0.013333333333333334, 0.02], [0.06666666666666667, 0.08666666666666667], [0.02, 0.013333333333333334], [0.02, 0.04666666666666667]]]],