{"prob_entropy": [[[2.1712708153206686, 2.098123203028962], [4.039308800209163, 4.031501090385199], [4.690557822497466, 4.715183132707104], [5.116382963466835, 5.143403671026808], [5.54893104296256, 5.5556687187424885], [5.692332036946043, 5.692681833778875], [5.7009847219693235, 5.701066574061473]]], "model_reward": [[[[1.0, 1.0], [0.88, 0.88], [0.006666666666666667, 0.0], [1.0, 1.0]], [[1.0, 1.0], [0.9133333333333333, 0.9333333333333333], [0.02, 0.16666666666666666], [1.0, 1.0]], [[1.0, 1.0], [0.9133333333333333, 0.8866666666666667], [0.0, 0.35333333333333333], [1.0, 1.0]], [[1.0, 1.0], [0.9133333333333333, 0.92], [0.08, 0.24], [1.0, 1.0]], [[1.0, 1.0], [0.9333333333333333, 0.9066666666666666], [0.20666666666666667, 0.37333333333333335], [1.0, 1.0]], [[0.18, 0.32], [0.4866666666666667, 0.49333333333333335], [0.22666666666666666, 0.3], [0.30666666666666664, 0.25333333333333335]], [[0.34, 0.24666666666666667], [0.32, 0.24666666666666667], [0.2733333333333333, 0.21333333333333335], [0.20666666666666667, 0.24666666666666667]]], [[[1.0, 1.0], [0.92, 0.9], [0.0, 0.0], [1.0, 1.0]], [[1.0, 1.0], [0.8933333333333333, 0.92], [0.006666666666666667, 0.16666666666666666], [1.0, 1.0]], [[1.0, 1.0], [0.8933333333333333, 0.8933333333333333], [0.06, 0.32], [1.0, 1.0]], [[1.0, 1.0], [0.9133333333333333, 0.8866666666666667], [0.11333333333333333, 0.2866666666666667], [1.0, 1.0]], [[1.0, 1.0], [0.9333333333333333, 0.9], [0.25333333333333335, 0.2733333333333333], [1.0, 1.0]], [[0.24666666666666667, 0.22], [0.5266666666666666, 0.4666666666666667], [0.26666666666666666, 0.21333333333333335], [0.29333333333333333, 0.3]], [[0.26666666666666666, 0.26666666666666666], [0.32666666666666666, 0.32666666666666666], [0.26, 0.31333333333333335], [0.21333333333333335, 0.24]]], [[[1.0, 1.0], [0.9133333333333333, 0.9266666666666666], [0.0, 0.0], [1.0, 1.0]], [[1.0, 1.0], [0.9, 0.88], [0.013333333333333334, 0.15333333333333332], [1.0, 1.0]], [[1.0, 1.0], [0.8666666666666667, 0.9], [0.04, 0.35333333333333333], [1.0, 1.0]], [[1.0, 1.0], [0.8933333333333333, 0.9266666666666666], [0.08666666666666667, 0.22666666666666666], [1.0, 1.0]], [[1.0, 1.0], [0.9133333333333333, 0.92], [0.24, 0.4066666666666667], [1.0, 1.0]], [[0.23333333333333334, 0.3], [0.5, 0.43333333333333335], [0.28, 0.24], [0.28, 0.22666666666666666]], [[0.22666666666666666, 0.21333333333333335], [0.23333333333333334, 0.26666666666666666], [0.26, 0.2], [0.22, 0.26666666666666666]]], [[[1.0, 0.9933333333333333], [0.92, 0.8866666666666667], [0.006666666666666667, 0.0], [1.0, 1.0]], [[1.0, 1.0], [0.9333333333333333, 0.86], [0.0, 0.16], [1.0, 1.0]], [[1.0, 1.0], [0.88, 0.9466666666666667], [0.02, 0.36666666666666664], [1.0, 1.0]], [[1.0, 0.9933333333333333], [0.9133333333333333, 0.9266666666666666], [0.15333333333333332, 0.19333333333333333], [1.0, 1.0]], [[1.0, 1.0], [0.9, 0.92], [0.26666666666666666, 0.34], [1.0, 1.0]], [[0.2733333333333333, 0.31333333333333335], [0.44, 0.48], [0.18, 0.24666666666666667], [0.26666666666666666, 0.34]], [[0.24, 0.29333333333333333], [0.24, 0.25333333333333335], [0.26666666666666666, 0.3], [0.24, 0.25333333333333335]]], [[[1.0, 1.0], [0.9133333333333333, 0.9], [0.0, 0.0], [1.0, 1.0]], [[1.0, 1.0], [0.9, 0.9133333333333333], [0.006666666666666667, 0.14666666666666667], [1.0, 1.0]], [[1.0, 1.0], [0.8933333333333333, 0.88], [0.02, 0.26], [1.0, 1.0]], [[1.0, 1.0], [0.92, 0.9533333333333334], [0.12, 0.14666666666666667], [1.0, 1.0]], [[1.0, 1.0], [0.9533333333333334, 0.9266666666666666], [0.26666666666666666, 0.2866666666666667], [1.0, 1.0]], [[0.22666666666666666, 0.21333333333333335], [0.41333333333333333, 0.44666666666666666], [0.2733333333333333, 0.21333333333333335], [0.2733333333333333, 0.23333333333333334]], [[0.2733333333333333, 0.24666666666666667], [0.31333333333333335, 0.32666666666666666], [0.26666666666666666, 0.23333333333333334], [0.26666666666666666, 0.18666666666666668]]]], "model_reward_std": [[[[1.0, 1.0], [0.88, 0.88], [0.006666666666666667, 0.0], [1.0, 1.0]], [[1.0, 1.0], [0.9133333333333333, 0.9333333333333333], [0.02, 0.16666666666666666], [1.0, 1.0]], [[1.0, 1.0], [0.9133333333333333, 0.8866666666666667], [0.0, 0.35333333333333333], [1.0, 1.0]], [[1.0, 1.0], [0.9133333333333333, 0.92], [0.08, 0.24], [1.0, 1.0]], [[1.0, 1.0], [0.9333333333333333, 0.9066666666666666], [0.20666666666666667, 0.37333333333333335], [1.0, 1.0]], [[0.18, 0.32], [0.4866666666666667, 0.49333333333333335], [0.22666666666666666, 0.3], [0.30666666666666664, 0.25333333333333335]], [[0.34, 0.24666666666666667], [0.32, 0.24666666666666667], [0.2733333333333333, 0.21333333333333335], [0.20666666666666667, 0.24666666666666667]]], [[[1.0, 1.0], [0.92, 0.9], [0.0, 0.0], [1.0, 1.0]], [[1.0, 1.0], [0.8933333333333333, 0.92], [0.006666666666666667, 0.16666666666666666], [1.0, 1.0]], [[1.0, 1.0], [0.8933333333333333, 0.8933333333333333], [0.06, 0.32], [1.0, 1.0]], [[1.0, 1.0], [0.9133333333333333, 0.8866666666666667], [0.11333333333333333, 0.2866666666666667], [1.0, 1.0]], [[1.0, 1.0], [0.9333333333333333, 0.9], [0.25333333333333335, 0.2733333333333333], [1.0, 1.0]], [[0.24666666666666667, 0.22], [0.5266666666666666, 0.4666666666666667], [0.26666666666666666, 0.21333333333333335], [0.29333333333333333, 0.3]], [[0.26666666666666666, 0.26666666666666666], [0.32666666666666666, 0.32666666666666666], [0.26, 0.31333333333333335], [0.21333333333333335, 0.24]]], [[[1.0, 1.0], [0.9133333333333333, 0.9266666666666666], [0.0, 0.0], [1.0, 1.0]], [[1.0, 1.0], [0.9, 0.88], [0.013333333333333334, 0.15333333333333332], [1.0, 1.0]], [[1.0, 1.0], [0.8666666666666667, 0.9], [0.04, 0.35333333333333333], [1.0, 1.0]], [[1.0, 1.0], [0.8933333333333333, 0.9266666666666666], [0.08666666666666667, 0.22666666666666666], [1.0, 1.0]], [[1.0, 1.0], [0.9133333333333333, 0.92], [0.24, 0.4066666666666667], [1.0, 1.0]], [[0.23333333333333334, 0.3], [0.5, 0.43333333333333335], [0.28, 0.24], [0.28, 0.22666666666666666]], [[0.22666666666666666, 0.21333333333333335], [0.23333333333333334, 0.26666666666666666], [0.26, 0.2], [0.22, 0.26666666666666666]]], [[[1.0, 0.9933333333333333], [0.92, 0.8866666666666667], [0.006666666666666667, 0.0], [1.0, 1.0]], [[1.0, 1.0], [0.9333333333333333, 0.86], [0.0, 0.16], [1.0, 1.0]], [[1.0, 1.0], [0.88, 0.9466666666666667], [0.02, 0.36666666666666664], [1.0, 1.0]], [[1.0, 0.9933333333333333], [0.9133333333333333, 0.9266666666666666], [0.15333333333333332, 0.19333333333333333], [1.0, 1.0]], [[1.0, 1.0], [0.9, 0.92], [0.26666666666666666, 0.34], [1.0, 1.0]], [[0.2733333333333333, 0.31333333333333335], [0.44, 0.48], [0.18, 0.24666666666666667], [0.26666666666666666, 0.34]], [[0.24, 0.29333333333333333], [0.24, 0.25333333333333335], [0.26666666666666666, 0.3], [0.24, 0.25333333333333335]]], [[[1.0, 1.0], [0.9133333333333333, 0.9], [0.0, 0.0], [1.0, 1.0]], [[1.0, 1.0], [0.9, 0.9133333333333333], [0.006666666666666667, 0.14666666666666667], [1.0, 1.0]], [[1.0, 1.0], [0.8933333333333333, 0.88], [0.02, 0.26], [1.0, 1.0]], [[1.0, 1.0], [0.92, 0.9533333333333334], [0.12, 0.14666666666666667], [1.0, 1.0]], [[1.0, 1.0], [0.9533333333333334, 0.9266666666666666], [0.26666666666666666, 0.2866666666666667], [1.0, 1.0]], [[0.22666666666666666, 0.21333333333333335], [0.41333333333333333, 0.44666666666666666], [0.2733333333333333, 0.21333333333333335], [0.2733333333333333, 0.23333333333333334]], [[0.2733333333333333, 0.24666666666666667], [0.31333333333333335, 0.32666666666666666], [0.26666666666666666, 0.23333333333333334], [0.26666666666666666, 0.18666666666666668]]]],