{"prob_entropy": [0.0018246474444739594, 0.014082958813950927, 0.06981607306778012, 0.24102095370118526, 0.5984333892540317, 1.0958732422069886, 1.5655409929420079, 1.8935508999449495, 2.084664806882302, 2.187220303071224], "model_reward": [[0.75, 1.0, 0.5, 1.0], [1.0, 0.75, 0.5, 1.0], [1.0, 1.0, 0.5, 1.0], [0.5, 0.75, 0.5, 1.0], [1.0, 1.0, 0.0, 0.75], [0.25, 1.0, 0.5, 0.75], [0.25, 0.25, 0.5, 0.5], [0.0, 0.5, 0.0, 0.25], [0.0, 0.25, 0.25, 0.75], [0.0, 0.5, 0.0, 0.25], [1.0, 1.0, 0.5, 1.0], [0.75, 1.0, 0.5, 1.0], [1.0, 0.75, 0.5, 1.0], [0.75, 1.0, 0.75, 0.75], [0.25, 0.75, 0.25, 1.0], [0.0, 0.75, 0.25, 0.5], [0.0, 0.0, 0.0, 0.75], [0.25, 0.25, 0.25, 0.25], [0.0, 0.25, 0.0, 0.0], [0.0, 0.0, 0.0, 0.25], [1.0, 0.5, 0.5, 1.0], [1.0, 1.0, 0.5, 1.0], [0.75, 1.0, 0.5, 1.0], [0.75, 1.0, 0.5, 1.0], [0.0, 1.0, 0.5, 0.75], [0.5, 0.5, 0.5, 0.5], [0.0, 0.75, 0.0, 0.25], [0.25, 0.5, 0.0, 0.25], [0.5, 0.0, 0.0, 0.25], [0.0, 0.25, 0.0, 0.0], [1.0, 0.75, 0.5, 1.0], [1.0, 1.0, 0.5, 1.0], [1.0, 1.0, 0.5, 1.0], [1.0, 1.0, 0.5, 1.0], [1.0, 0.25, 0.0, 1.0], [0.25, 0.25, 0.0, 0.25], [0.5, 0.75, 0.5, 0.0], [0.0, 0.25, 0.25, 0.25], [0.0, 0.5, 0.25, 0.25], [0.0, 0.0, 0.0, 0.0]], "model_reward_std": [[0.0, 0.0, 0.0, 0.0], [0.0, 0.0, 0.0, 0.0], [0.0, 0.0, 0.0, 0.0], [0.0, 0.0, 0.0, 0.0], [0.0, 0.0, 0.0, 0.0], [0.0, 0.0, 0.0, 0.0], [0.0, 0.0, 0.0, 0.0], [0.0, 0.0, 0.0, 0.0], [0.0, 0.0, 0.0, 0.0], [0.0, 0.0, 0.0, 0.0], [0.0, 0.0, 0.0, 0.0], [0.0, 0.0, 0.0, 0.0], [0.0, 0.0, 0.0, 0.0], [0.0, 0.0, 0.0, 0.0], [0.0, 0.0, 0.0, 0.0], [0.0, 0.0, 0.0, 0.0], [0.0, 0.0, 0.0, 0.0], [0.0, 0.0, 0.0, 0.0], [0.0, 0.0, 0.0, 0.0], [0.0, 0.0, 0.0, 0.0], [0.0, 0.0, 0.0, 0.0], [0.0, 0.0, 0.0, 0.0], [0.0, 0.0, 0.0, 0.0], [0.0, 0.0, 0.0, 0.0], [0.0, 0.0, 0.0, 0.0], [0.0, 0.0, 0.0, 0.0], [0.0, 0.0, 0.0, 0.0], [0.0, 0.0, 0.0, 0.0], [0.0, 0.0, 0.0, 0.0], [0.0, 0.0, 0.0, 0.0], [0.0, 0.0, 0.0, 0.0], [0.0, 0.0, 0.0, 0.0], [0.0, 0.0, 0.0, 0.0], [0.0, 0.0, 0.0, 0.0], [0.0, 0.0, 0.0, 0.0], [0.0, 0.0, 0.0, 0.0], [0.0, 0.0, 0.0, 0.0], [0.0, 0.0, 0.0, 0.0], [0.0, 0.0, 0.0, 0.0], [0.0, 0.0, 0.0, 0.0]], "model_entropy": [[NaN, NaN, NaN, NaN], [NaN, NaN, NaN, NaN], [NaN, NaN, NaN, NaN], [NaN, NaN, NaN, NaN], [NaN, NaN, NaN, NaN], [NaN, NaN, NaN, NaN], [NaN, NaN, NaN, NaN], [NaN, NaN, NaN, NaN], [NaN, NaN, NaN, NaN], [NaN, NaN, NaN, NaN], [NaN, NaN, NaN, NaN], [NaN, NaN, NaN, NaN], [NaN, NaN, NaN, NaN], [NaN, NaN, NaN, NaN], [NaN, NaN, NaN, NaN], [NaN, NaN, NaN, NaN], [NaN, NaN, NaN, NaN], [NaN, NaN, NaN, NaN], [NaN, NaN, NaN, NaN], [NaN, NaN, NaN, NaN], [NaN, NaN, NaN, NaN], [NaN, NaN, NaN, NaN], [NaN, NaN, NaN, NaN], [NaN, NaN, NaN, NaN], [NaN, NaN, NaN, NaN], [NaN, NaN, NaN, NaN], [NaN, NaN, NaN, NaN], [NaN, NaN, NaN, NaN], [NaN, NaN, NaN, NaN], [NaN, NaN, NaN, NaN], [NaN, NaN, NaN, NaN], [NaN, NaN, NaN, NaN], [NaN, NaN, NaN, NaN], [NaN, NaN, NaN, NaN], [NaN, NaN, NaN, NaN], [NaN, NaN, NaN, NaN], [NaN, NaN, NaN, NaN], [NaN, NaN, NaN, NaN], [NaN, NaN, NaN, NaN], [NaN, NaN, NaN, NaN], [NaN, NaN, NaN, NaN], [NaN, NaN, NaN, NaN], [NaN, NaN, NaN, NaN], [NaN, NaN, NaN, NaN], [NaN, NaN, NaN, NaN], [NaN, NaN, NaN, NaN], [NaN, NaN, NaN, NaN], [NaN, NaN, NaN, NaN], [NaN, NaN, NaN, NaN], [NaN, NaN, NaN, NaN], [NaN, NaN, NaN, NaN], [NaN, NaN, NaN, NaN], [NaN, NaN, NaN, NaN], [NaN, NaN, NaN, NaN], [NaN, NaN, NaN, NaN], [NaN, NaN, NaN, NaN], [NaN, NaN, NaN, NaN], [NaN, NaN, NaN, NaN], [NaN, NaN, NaN, NaN], [NaN, NaN, NaN, NaN], [NaN, NaN, NaN, NaN], [NaN, NaN, NaN, NaN], [NaN, NaN, NaN, NaN], [NaN, NaN, NaN, NaN], [NaN, NaN, NaN, NaN], [NaN, NaN, NaN, NaN], [NaN, NaN, NaN, NaN], [NaN, NaN, NaN, NaN], [NaN, NaN, NaN, NaN], [NaN, NaN, NaN, NaN], [NaN, NaN, NaN, NaN], [NaN, NaN, NaN, NaN], [NaN, NaN, NaN, NaN], [NaN, NaN, NaN, NaN], [NaN, NaN, NaN, NaN], [NaN, NaN, NaN, NaN], [NaN, NaN, NaN, NaN], [NaN, NaN, NaN, NaN], [NaN, NaN, NaN, NaN], [NaN, NaN, NaN, NaN]], "model_entropy_std": [[NaN, NaN, NaN, NaN], [NaN, NaN, NaN, NaN], [NaN, NaN, NaN, NaN], [NaN, NaN, NaN, NaN], [NaN, NaN, NaN, NaN], [NaN, NaN, NaN, NaN], [NaN, NaN, NaN, NaN], [NaN, NaN, NaN, NaN], [NaN, NaN, NaN, NaN], [NaN, NaN, NaN, NaN], [NaN, NaN, NaN, NaN], [NaN, NaN, NaN, NaN], [NaN, NaN, NaN, NaN], [NaN, NaN, NaN, NaN], [NaN, NaN, NaN, NaN], [NaN, NaN, NaN, NaN], [NaN, NaN, NaN, NaN], [NaN, NaN, NaN, NaN], [NaN, NaN, NaN, NaN], [NaN, NaN, NaN, NaN], [NaN, NaN, NaN, NaN], [NaN, NaN, NaN, NaN], [NaN, NaN, NaN, NaN], [NaN, NaN, NaN, NaN], [NaN, NaN, NaN, NaN], [NaN, NaN, NaN, NaN], [NaN, NaN, NaN, NaN], [NaN, NaN, NaN, NaN], [NaN, NaN, NaN, NaN], [NaN, NaN, NaN, NaN], [NaN, NaN, NaN, NaN], [NaN, NaN, NaN, NaN], [NaN, NaN, NaN, NaN], [NaN, NaN, NaN, NaN], [NaN, NaN, NaN, NaN], [NaN, NaN, NaN, NaN], [NaN, NaN, NaN, NaN], [NaN, NaN, NaN, NaN], [NaN, NaN, NaN, NaN], [NaN, NaN, NaN, NaN], [NaN, NaN, NaN, NaN], [NaN, NaN, NaN, NaN], [NaN, NaN, NaN, NaN], [NaN, NaN, NaN, NaN], [NaN, NaN, NaN, NaN], [NaN, NaN, NaN, NaN], [NaN, NaN, NaN, NaN], [NaN, NaN, NaN, NaN], [NaN, NaN, NaN, NaN], [NaN, NaN, NaN, NaN], [NaN, NaN, NaN, NaN], [NaN, NaN, NaN, NaN], [NaN, NaN, NaN, NaN], [NaN, NaN, NaN, NaN], [NaN, NaN, NaN, NaN], [NaN, NaN, NaN, NaN], [NaN, NaN, NaN, NaN], [NaN, NaN, NaN, NaN], [NaN, NaN, NaN, NaN], [NaN, NaN, NaN, NaN], [NaN, NaN, NaN, NaN], [NaN, NaN, NaN, NaN], [NaN, NaN, NaN, NaN], [NaN, NaN, NaN, NaN], [NaN, NaN, NaN, NaN], [NaN, NaN, NaN, NaN], [NaN, NaN, NaN, NaN], [NaN, NaN, NaN, NaN], [NaN, NaN, NaN, NaN], [NaN, NaN, NaN, NaN], [NaN, NaN, NaN, NaN], [NaN, NaN, NaN, NaN], [NaN, NaN, NaN, NaN], [NaN, NaN, NaN, NaN], [NaN, NaN, NaN, NaN], [NaN, NaN, NaN, NaN], [NaN, NaN, NaN, NaN], [NaN, NaN, NaN, NaN], [NaN, NaN, NaN, NaN], [NaN, NaN, NaN, NaN]], "upper_list": [[0.9998235780590927, 0.9998235780590927], [0.9983261037602978, 0.9983261037602978], [0.9899729969902913, 0.9899729969902913], [0.9586340243234412, 0.9586340243234412], [0.8783359478508097, 0.8783359478508097], [0.7400393813117914, 0.7400393813117914], [0.5771776397012689, 0.5771776397012689], [0.4343553900813491, 0.4343553900813491], [0.3293065401491674, 0.3293065401491674], [0.2578391437330237, 0.2578391437330237], [0.9998657273867692, 0.9998657273867692], [0.9983572817538473, 0.9983572817538473], [0.9884585097220865, 0.9884585097220865], [0.9490078158646564, 0.9490078158646564], [0.8506185380968349, 0.8506185380968349], [0.6950706097990692, 0.6950706097990692], [0.5295304577130492, 0.5295304577130492], [0.3954662931378781, 0.3954662931378781], [0.3013397745619846, 0.3013397745619846], [0.23862909529902765, 0.23862909529902765], [0.9998618454064211, 0.9998618454064211], [0.9984610363964731, 0.9984610363964731], [0.9898616163922447, 0.9898616163922447], [0.9563639891276524, 0.9563639891276524], [0.8708580996197786, 0.8708580996197786], [0.7274487510076323, 0.7274487510076323], [0.5637657015143785, 0.5637657015143785], [0.42355169129701736, 0.42355169129701736], [0.3217133153513757, 0.3217133153513757], [0.25275643451723734, 0.25275643451723734], [0.9998855331325978, 0.9998855331325978], [0.9985994597072738, 0.9985994597072738], [0.9902056537747373, 0.9902056537747373], [0.956398575572194, 0.956398575572194], [0.8690300023905912, 0.8690300023905912], [0.7229053474908098, 0.7229053474908098], [0.5579182131399513, 0.5579182131399513], [0.4182143264171808, 0.4182143264171808], [0.3175942373714403, 0.3175942373714403], [0.24979109845501649, 0.24979109845501649]]}