{"prob_entropy": [[0.011984428287768857, 0.6251324688598451, 2.878809570065639, 3.725478485187655, 3.8711531117680638]], "model_reward": [[[[0.99, 0.93], [0.91, 0.86], [0.66, 0.66], [1.0, 0.92]], [[0.94, 0.91], [0.92, 0.86], [0.61, 0.64], [0.96, 0.63]], [[0.91, 0.8], [0.93, 0.76], [0.7, 0.7], [0.97, 0.92]], [[0.98, 1.0], [0.92, 0.93], [0.64, 0.74], [1.0, 1.0]], [[1.0, 0.54], [0.91, 0.79], [0.66, 0.58], [1.0, 0.83]]], [[[0.83, 0.69], [0.88, 0.78], [0.64, 0.66], [0.87, 0.58]], [[1.0, 0.89], [0.95, 0.75], [0.69, 0.58], [0.99, 0.92]], [[0.74, 0.75], [0.82, 0.7], [0.68, 0.67], [0.93, 0.93]], [[1.0, 1.0], [0.73, 0.55], [0.63, 0.76], [1.0, 1.0]], [[1.0, 0.8], [0.94, 0.82], [0.59, 0.6], [0.99, 0.48]]], [[[0.81, 0.86], [0.84, 0.8], [0.6, 0.56], [0.79, 0.48]], [[0.82, 0.86], [0.86, 0.67], [0.51, 0.72], [0.62, 0.96]], [[1.0, 0.97], [0.96, 0.92], [0.64, 0.65], [1.0, 0.64]], [[0.93, 0.86], [0.98, 0.81], [0.63, 0.6], [0.93, 0.88]], [[1.0, 1.0], [0.89, 0.94], [0.7, 0.72], [1.0, 1.0]]], [[[0.97, 0.55], [0.83, 0.69], [0.59, 0.52], [0.98, 0.54]], [[1.0, 1.0], [0.94, 0.92], [0.72, 0.65], [0.89, 1.0]], [[0.9, 0.97], [0.92, 0.79], [0.65, 0.83], [0.89, 0.96]], [[0.9, 1.0], [0.89, 0.96], [0.69, 0.65], [0.92, 1.0]], [[1.0, 0.96], [0.94, 0.76], [0.59, 0.71], [1.0, 0.99]]], [[[0.87, 0.66], [0.64, 0.64], [0.6, 0.64], [0.61, 0.97]], [[0.86, 0.95], [0.86, 0.71], [0.69, 0.69], [0.57, 0.79]], [[0.79, 1.0], [0.88, 0.77], [0.68, 0.76], [0.84, 1.0]], [[0.76, 0.84], [0.88, 0.82], [0.69, 0.64], [0.7, 0.57]], [[0.94, 0.68], [0.88, 0.68], [0.59, 0.65], [0.65, 0.77]]], [[[1.0, 0.96], [0.82, 0.94], [0.64, 0.68], [1.0, 1.0]], [[0.84, 1.0], [0.75, 0.76], [0.61, 0.73], [0.62, 1.0]], [[0.84, 0.81], [0.75, 0.66], [0.68, 0.55], [0.5, 0.62]], [[0.81, 0.91], [0.72, 0.86], [0.64, 0.63], [0.89, 0.9]], [[1.0, 0.73], [0.93, 0.67], [0.74, 0.57], [1.0, 0.75]]], [[[0.95, 0.97], [0.66, 0.73], [0.59, 0.73], [1.0, 0.96]], [[1.0, 0.84], [0.96, 0.58], [0.77, 0.66], [1.0, 0.88]], [[0.98, 1.0], [0.96, 0.74], [0.66, 0.78], [1.0, 1.0]], [[0.97, 0.98], [0.9, 0.8], [0.72, 0.73], [0.99, 0.97]], [[0.79, 0.98], [0.68, 0.83], [0.56, 0.7], [0.72, 0.96]]], [[[1.0, 0.79], [0.83, 0.81], [0.77, 0.67], [0.99, 0.91]], [[1.0, 1.0], [0.91, 0.91], [0.66, 0.79], [1.0, 0.93]], [[1.0, 0.89], [0.93, 0.91], [0.65, 0.7], [1.0, 0.94]], [[0.9, 0.88], [0.88, 0.84], [0.67, 0.64], [0.96, 0.82]], [[1.0, 0.93], [0.95, 0.88], [0.66, 0.61], [0.97, 0.95]]], [[[0.9, 0.78], [0.96, 0.79], [0.65, 0.59], [0.96, 0.9]], [[0.74, 0.82], [0.6, 0.76], [0.64, 0.64], [0.7, 0.56]], [[0.88, 0.85], [0.83, 0.79], [0.65, 0.59], [0.59, 0.54]], [[0.92, 0.91], [0.81, 0.71], [0.62, 0.7], [0.93, 0.97]], [[0.9, 1.0], [0.78, 0.9], [0.62, 0.72], [0.96, 1.0]]], [[[0.91, 0.71], [0.86, 0.78], [0.7, 0.68], [0.8, 0.97]], [[0.89, 0.99], [0.78, 0.94], [0.59, 0.79], [0.73, 1.0]], [[1.0, 0.84], [0.92, 0.71], [0.63, 0.62], [1.0, 0.65]], [[0.9, 1.0], [0.93, 0.89], [0.64, 0.68], [0.96, 1.0]], [[1.0, 1.0], [0.93, 0.96], [0.7, 0.73], [1.0, 1.0]]]], "model_reward_std": [[[[0.99, 0.93], [0.91, 0.86], [0.66, 0.66], [1.0, 0.92]], [[0.94, 0.91], [0.92, 0.86], [0.61, 0.64], [0.96, 0.63]], [[0.91, 0.8], [0.93, 0.76], [0.7, 0.7], [0.97, 0.92]], [[0.98, 1.0], [0.92, 0.93], [0.64, 0.74], [1.0, 1.0]], [[1.0, 0.54], [0.91, 0.79], [0.66, 0.58], [1.0, 0.83]]], [[[0.83, 0.69], [0.88, 0.78], [0.64, 0.66], [0.87, 0.58]], [[1.0, 0.89], [0.95, 0.75], [0.69, 0.58], [0.99, 0.92]], [[0.74, 0.75], [0.82, 0.7], [0.68, 0.67], [0.93, 0.93]], [[1.0, 1.0], [0.73, 0.55], [0.63, 0.76], [1.0, 1.0]], [[1.0, 0.8], [0.94, 0.82], [0.59, 0.6], [0.99, 0.48]]], [[[0.81, 0.86], [0.84, 0.8], [0.6, 0.56], [0.79, 0.48]], [[0.82, 0.86], [0.86, 0.67], [0.51, 0.72], [0.62, 0.96]], [[1.0, 0.97], [0.96, 0.92], [0.64, 0.65], [1.0, 0.64]], [[0.93, 0.86], [0.98, 0.81], [0.63, 0.6], [0.93, 0.88]], [[1.0, 1.0], [0.89, 0.94], [0.7, 0.72], [1.0, 1.0]]], [[[0.97, 0.55], [0.83, 0.69], [0.59, 0.52], [0.98, 0.54]], [[1.0, 1.0], [0.94, 0.92], [0.72, 0.65], [0.89, 1.0]], [[0.9, 0.97], [0.92, 0.79], [0.65, 0.83], [0.89, 0.96]], [[0.9, 1.0], [0.89, 0.96], [0.69, 0.65], [0.92, 1.0]], [[1.0, 0.96], [0.94, 0.76], [0.59, 0.71], [1.0, 0.99]]], [[[0.87, 0.66], [0.64, 0.64], [0.6, 0.64], [0.61, 0.97]], [[0.86, 0.95], [0.86, 0.71], [0.69, 0.69], [0.57, 0.79]], [[0.79, 1.0], [0.88, 0.77], [0.68, 0.76], [0.84, 1.0]], [[0.76, 0.84], [0.88, 0.82], [0.69, 0.64], [0.7, 0.57]], [[0.94, 0.68], [0.88, 0.68], [0.59, 0.65], [0.65, 0.77]]], [[[1.0, 0.96], [0.82, 0.94], [0.64, 0.68], [1.0, 1.0]], [[0.84, 1.0], [0.75, 0.76], [0.61, 0.73], [0.62, 1.0]], [[0.84, 0.81], [0.75, 0.66], [0.68, 0.55], [0.5, 0.62]], [[0.81, 0.91], [0.72, 0.86], [0.64, 0.63], [0.89, 0.9]], [[1.0, 0.73], [0.93, 0.67], [0.74, 0.57], [1.0, 0.75]]], [[[0.95, 0.97], [0.66, 0.73], [0.59, 0.73], [1.0, 0.96]], [[1.0, 0.84], [0.96, 0.58], [0.77, 0.66], [1.0, 0.88]], [[0.98, 1.0], [0.96, 0.74], [0.66, 0.78], [1.0, 1.0]], [[0.97, 0.98], [0.9, 0.8], [0.72, 0.73], [0.99, 0.97]], [[0.79, 0.98], [0.68, 0.83], [0.56, 0.7], [0.72, 0.96]]], [[[1.0, 0.79], [0.83, 0.81], [0.77, 0.67], [0.99, 0.91]], [[1.0, 1.0], [0.91, 0.91], [0.66, 0.79], [1.0, 0.93]], [[1.0, 0.89], [0.93, 0.91], [0.65, 0.7], [1.0, 0.94]], [[0.9, 0.88], [0.88, 0.84], [0.67, 0.64], [0.96, 0.82]], [[1.0, 0.93], [0.95, 0.88], [0.66, 0.61], [0.97, 0.95]]], [[[0.9, 0.78], [0.96, 0.79], [0.65, 0.59], [0.96, 0.9]], [[0.74, 0.82], [0.6, 0.76], [0.64, 0.64], [0.7, 0.56]], [[0.88, 0.85], [0.83, 0.79], [0.65, 0.59], [0.59, 0.54]], [[0.92, 0.91], [0.81, 0.71], [0.62, 0.7], [0.93, 0.97]], [[0.9, 1.0], [0.78, 0.9], [0.62, 0.72], [0.96, 1.0]]], [[[0.91, 0.71], [0.86, 0.78], [0.7, 0.68], [0.8, 0.97]], [[0.89, 0.99], [0.78, 0.94], [0.59, 0.79], [0.73, 1.0]], [[1.0, 0.84], [0.92, 0.71], [0.63, 0.62], [1.0, 0.65]], [[0.9, 1.0], [0.93, 0.89], [0.64, 0.68], [0.96, 1.0]], [[1.0, 1.0], [0.93, 0.96], [0.7, 0.73], [1.0, 1.0]]]],