{"prob_entropy": [[0.0032011238812516274, 1.1512301439087942, 2.228411880730094]], "model_reward": [[[[1.0, 1.0], [0.95, 1.0], [1.0, 1.0], [1.0, 1.0]], [[0.8, 0.75], [0.7, 0.65], [0.4, 0.5], [0.75, 0.65]], [[0.15, 0.25], [0.25, 0.15], [0.05, 0.15], [0.3, 0.05]]], [[[1.0, 1.0], [0.9, 0.95], [1.0, 1.0], [1.0, 1.0]], [[0.7, 0.7], [0.75, 0.85], [0.75, 0.85], [0.6, 0.9]], [[0.15, 0.2], [0.25, 0.1], [0.15, 0.4], [0.0, 0.1]]], [[[1.0, 1.0], [0.95, 0.85], [1.0, 1.0], [1.0, 1.0]], [[0.75, 0.95], [0.75, 0.7], [0.75, 0.7], [0.6, 0.65]], [[0.15, 0.3], [0.3, 0.15], [0.1, 0.1], [0.1, 0.2]]], [[[1.0, 1.0], [1.0, 0.95], [1.0, 1.0], [1.0, 1.0]], [[0.7, 0.75], [0.7, 0.55], [0.4, 0.9], [0.65, 0.85]], [[0.15, 0.2], [0.2, 0.45], [0.15, 0.1], [0.15, 0.05]]], [[[1.0, 1.0], [0.95, 0.9], [1.0, 1.0], [1.0, 1.0]], [[0.75, 0.8], [0.5, 0.7], [0.4, 0.75], [0.9, 0.8]], [[0.2, 0.1], [0.25, 0.3], [0.15, 0.0], [0.2, 0.2]]]], "model_reward_std": [[[[1.0, 1.0], [0.95, 1.0], [1.0, 1.0], [1.0, 1.0]], [[0.8, 0.75], [0.7, 0.65], [0.4, 0.5], [0.75, 0.65]], [[0.15, 0.25], [0.25, 0.15], [0.05, 0.15], [0.3, 0.05]]], [[[1.0, 1.0], [0.9, 0.95], [1.0, 1.0], [1.0, 1.0]], [[0.7, 0.7], [0.75, 0.85], [0.75, 0.85], [0.6, 0.9]], [[0.15, 0.2], [0.25, 0.1], [0.15, 0.4], [0.0, 0.1]]], [[[1.0, 1.0], [0.95, 0.85], [1.0, 1.0], [1.0, 1.0]], [[0.75, 0.95], [0.75, 0.7], [0.75, 0.7], [0.6, 0.65]], [[0.15, 0.3], [0.3, 0.15], [0.1, 0.1], [0.1, 0.2]]], [[[1.0, 1.0], [1.0, 0.95], [1.0, 1.0], [1.0, 1.0]], [[0.7, 0.75], [0.7, 0.55], [0.4, 0.9], [0.65, 0.85]], [[0.15, 0.2], [0.2, 0.45], [0.15, 0.1], [0.15, 0.05]]], [[[1.0, 1.0], [0.95, 0.9], [1.0, 1.0], [1.0, 1.0]], [[0.75, 0.8], [0.5, 0.7], [0.4, 0.75], [0.9, 0.8]], [[0.2, 0.1], [0.25, 0.3], [0.15, 0.0], [0.2, 0.2]]]], "model_entropy": [[[0.07992516751217585, 0.33774648165294324, 1.1056350983762604, 0.0], [0.0, 0.24945143841476788, 0.37701788095970756, 0.0], [0.42630882914702317, 0.31353820600296256, 1.564585539979958, 0.0], [0.02205724926065251, 0.34096647778473965, 0.8044380258681103, 0.0], [1.5609404269438527, 0.30677459510223454, 2.160711401104993, 1.492747912212293], [1.4127906996993018, 0.44278665159650754, 2.1374728886762013, 1.600680457036294]], [[0.12405477199269382, 0.3182242375623469, 1.105855605250792, 0.0], [0.0, 0.37181472828258016, 0.37701788095970756, 0.0], [0.3758535214067919, 0.3058337808497278, 1.5582270143220223, 0.0], [0.02205724926065251, 0.2953636832180298, 0.5629999108429854, 0.0], [1.8447871133585472, 0.25113513740028137, 2.20808587701036, 1.5544040902996288], [1.4205530102033865, 0.3143989812210538, 2.10666049095456, 1.3424580356846825]], [[0.11118982985783907, 0.2524210546811049, 1.1053251767772128, 0.0], [0.0, 0.30700843826848234, 0.37701788095970756, 0.0], [0.5105311600784742, 0.451898421258172, 1.455478564263508, 0.0], [0.16795542425102192, 0.4159004120522562, 0.7001591976666821, 0.0], [1.7516882695453904, 0.3998867914179655, 2.1269324760059596, 1.2404490039887586], [0.8659741245733648, 0.21636197643374172, 2.0139067383705447, 1.314293954660825]], [[0.15898752425765567, 0.2571335418728328, 1.1031023483244127, 0.0], [0.0, 0.38284660977110807, 0.37701788095970756, 0.0], [0.5195647616279021, 0.3446762897887162, 1.4555446949240645, 0.0], [0.06617174778195753, 0.2898543092929714, 0.6083356888593243, 0.0], [1.8775172653195367, 0.36506024149366095, 2.212989208663113, 1.1026610884403574], [1.2570752956856057, 0.5330477007403712, 2.1254377342173894, 1.496798639343421]], [[0.09188813637635079, 0.3104153253723896, 1.106020180143238, 0.0], [0.02205724926065251, 0.24394324173822923, 0.37701788095970756, 0.0], [0.45850199226277116, 0.339079141305443, 1.6610855297663554, 0.0], [0.09792073296596568, 0.2890450257848932, 0.6301947324602514, 0.0], [1.8486521611668387, 0.2704392759814023, 2.1545083477015305, 1.51775768141107], [1.676499420357371, 0.5237465313817752, 2.1787180266907873, 1.1014528481142005]]], "model_entropy_std": [[[0.0, 0.0, 0.0, 0.0], [0.0, 0.0, 0.0, 0.0], [0.0, 0.0, 0.0, 0.0], [0.0, 0.0, 0.0, 0.0], [0.0, 0.0, 0.0, 0.0], [0.0, 0.0, 0.0, 0.0]], [[0.0, 0.0, 0.0, 0.0], [0.0, 0.0, 0.0, 0.0], [0.0, 0.0, 0.0, 0.0], [0.0, 0.0, 0.0, 0.0], [0.0, 0.0, 0.0, 0.0], [0.0, 0.0, 0.0, 0.0]], [[0.0, 0.0, 0.0, 0.0], [0.0, 0.0, 0.0, 0.0], [0.0, 0.0, 0.0, 0.0], [0.0, 0.0, 0.0, 0.0], [0.0, 0.0, 0.0, 0.0], [0.0, 0.0, 0.0, 0.0]], [[0.0, 0.0, 0.0, 0.0], [0.0, 0.0, 0.0, 0.0], [0.0, 0.0, 0.0, 0.0], [0.0, 0.0, 0.0, 0.0], [0.0, 0.0, 0.0, 0.0], [0.0, 0.0, 0.0, 0.0]], [[0.0, 0.0, 0.0, 0.0], [0.0, 0.0, 0.0, 0.0], [0.0, 0.0, 0.0, 0.0], [0.0, 0.0, 0.0, 0.0], [0.0, 0.0, 0.0, 0.0], [0.0, 0.0, 0.0, 0.0]]], "upper_list": [[[0.9997044492550918, 0.9997044492550918], [0.731195667767441, 0.731195667767441], [0.22597288262925944, 0.22597288262925944]], [[0.999860825156514, 0.999860825156514], [0.7850292207813444, 0.7850292207813444], [0.24299513635465847, 0.24299513635465847]], [[0.9997131859321003, 0.9997131859321003], [0.7615131051140731, 0.7615131051140731], [0.2393652331520399, 0.2393652331520399]], [[0.9999107939230238, 0.9999107939230238], [0.7990701412839412, 0.7990701412839412], [0.2473816507297588, 0.2473816507297588]], [[0.9996471029998153, 0.9996471029998153], [0.743145460609109, 0.743145460609109], [0.23405013906126174, 0.23405013906126174]]]}