{"prob_entropy": [[0.015980203662100043, 0.7028533615569035, 2.9293705699364025, 3.7288988764327, 3.8708953935854846]], "model_reward": [[[[1.0, 1.0], [0.9333333333333333, 0.9333333333333333], [0.6, 0.3], [1.0, 1.0]], [[0.7333333333333333, 0.8666666666666667], [0.9333333333333333, 0.7333333333333333], [0.5666666666666667, 0.36666666666666664], [0.8666666666666667, 0.8]], [[0.03333333333333333, 0.16666666666666666], [0.3333333333333333, 0.2], [0.0, 0.03333333333333333], [0.06666666666666667, 0.0]], [[0.03333333333333333, 0.0], [0.06666666666666667, 0.0], [0.0, 0.0], [0.1, 0.0]], [[0.0, 0.0], [0.03333333333333333, 0.06666666666666667], [0.0, 0.0], [0.06666666666666667, 0.03333333333333333]]], [[[1.0, 1.0], [0.9666666666666667, 0.8666666666666667], [0.6, 0.3], [1.0, 1.0]], [[0.7666666666666667, 0.9333333333333333], [0.8, 0.9666666666666667], [0.0, 0.7333333333333333], [0.0, 0.8333333333333334]], [[0.06666666666666667, 0.3333333333333333], [0.2, 0.26666666666666666], [0.0, 0.0], [0.06666666666666667, 0.06666666666666667]], [[0.0, 0.1], [0.06666666666666667, 0.06666666666666667], [0.03333333333333333, 0.0], [0.0, 0.0]], [[0.0, 0.06666666666666667], [0.06666666666666667, 0.03333333333333333], [0.0, 0.0], [0.0, 0.0]]], [[[0.9666666666666667, 1.0], [0.8, 0.9333333333333333], [0.6, 0.3], [1.0, 1.0]], [[0.8666666666666667, 0.8], [0.8666666666666667, 0.8333333333333334], [0.5333333333333333, 0.9333333333333333], [0.9333333333333333, 0.9]], [[0.26666666666666666, 0.2], [0.5, 0.4], [0.0, 0.0], [0.03333333333333333, 0.03333333333333333]], [[0.0, 0.03333333333333333], [0.03333333333333333, 0.03333333333333333], [0.0, 0.0], [0.03333333333333333, 0.0]], [[0.0, 0.03333333333333333], [0.0, 0.03333333333333333], [0.0, 0.0], [0.0, 0.0]]], [[[1.0, 1.0], [0.8333333333333334, 0.9], [0.6, 0.3], [1.0, 1.0]], [[0.7, 0.7666666666666667], [0.7666666666666667, 0.8666666666666667], [0.23333333333333334, 0.0], [0.8666666666666667, 0.9666666666666667]], [[0.16666666666666666, 0.13333333333333333], [0.36666666666666664, 0.3], [0.0, 0.03333333333333333], [0.03333333333333333, 0.0]], [[0.03333333333333333, 0.0], [0.1, 0.03333333333333333], [0.0, 0.03333333333333333], [0.13333333333333333, 0.03333333333333333]], [[0.1, 0.0], [0.0, 0.0], [0.0, 0.0], [0.03333333333333333, 0.0]]], [[[1.0, 1.0], [0.8666666666666667, 0.8666666666666667], [0.6, 0.3], [1.0, 1.0]], [[0.9333333333333333, 0.9333333333333333], [0.8333333333333334, 0.8], [0.06666666666666667, 0.9333333333333333], [0.9666666666666667, 0.9]], [[0.06666666666666667, 0.2], [0.36666666666666664, 0.4], [0.03333333333333333, 0.06666666666666667], [0.03333333333333333, 0.06666666666666667]], [[0.03333333333333333, 0.0], [0.2, 0.06666666666666667], [0.0, 0.1], [0.0, 0.0]], [[0.0, 0.0], [0.06666666666666667, 0.03333333333333333], [0.0, 0.1], [0.0, 0.0]]]], "model_reward_std": [[[[1.0, 1.0], [0.9333333333333333, 0.9333333333333333], [0.6, 0.3], [1.0, 1.0]], [[0.7333333333333333, 0.8666666666666667], [0.9333333333333333, 0.7333333333333333], [0.5666666666666667, 0.36666666666666664], [0.8666666666666667, 0.8]], [[0.03333333333333333, 0.16666666666666666], [0.3333333333333333, 0.2], [0.0, 0.03333333333333333], [0.06666666666666667, 0.0]], [[0.03333333333333333, 0.0], [0.06666666666666667, 0.0], [0.0, 0.0], [0.1, 0.0]], [[0.0, 0.0], [0.03333333333333333, 0.06666666666666667], [0.0, 0.0], [0.06666666666666667, 0.03333333333333333]]], [[[1.0, 1.0], [0.9666666666666667, 0.8666666666666667], [0.6, 0.3], [1.0, 1.0]], [[0.7666666666666667, 0.9333333333333333], [0.8, 0.9666666666666667], [0.0, 0.7333333333333333], [0.0, 0.8333333333333334]], [[0.06666666666666667, 0.3333333333333333], [0.2, 0.26666666666666666], [0.0, 0.0], [0.06666666666666667, 0.06666666666666667]], [[0.0, 0.1], [0.06666666666666667, 0.06666666666666667], [0.03333333333333333, 0.0], [0.0, 0.0]], [[0.0, 0.06666666666666667], [0.06666666666666667, 0.03333333333333333], [0.0, 0.0], [0.0, 0.0]]], [[[0.9666666666666667, 1.0], [0.8, 0.9333333333333333], [0.6, 0.3], [1.0, 1.0]], [[0.8666666666666667, 0.8], [0.8666666666666667, 0.8333333333333334], [0.5333333333333333, 0.9333333333333333], [0.9333333333333333, 0.9]], [[0.26666666666666666, 0.2], [0.5, 0.4], [0.0, 0.0], [0.03333333333333333, 0.03333333333333333]], [[0.0, 0.03333333333333333], [0.03333333333333333, 0.03333333333333333], [0.0, 0.0], [0.03333333333333333, 0.0]], [[0.0, 0.03333333333333333], [0.0, 0.03333333333333333], [0.0, 0.0], [0.0, 0.0]]], [[[1.0, 1.0], [0.8333333333333334, 0.9], [0.6, 0.3], [1.0, 1.0]], [[0.7, 0.7666666666666667], [0.7666666666666667, 0.8666666666666667], [0.23333333333333334, 0.0], [0.8666666666666667, 0.9666666666666667]], [[0.16666666666666666, 0.13333333333333333], [0.36666666666666664, 0.3], [0.0, 0.03333333333333333], [0.03333333333333333, 0.0]], [[0.03333333333333333, 0.0], [0.1, 0.03333333333333333], [0.0, 0.03333333333333333], [0.13333333333333333, 0.03333333333333333]], [[0.1, 0.0], [0.0, 0.0], [0.0, 0.0], [0.03333333333333333, 0.0]]], [[[1.0, 1.0], [0.8666666666666667, 0.8666666666666667], [0.6, 0.3], [1.0, 1.0]], [[0.9333333333333333, 0.9333333333333333], [0.8333333333333334, 0.8], [0.06666666666666667, 0.9333333333333333], [0.9666666666666667, 0.9]], [[0.06666666666666667, 0.2], [0.36666666666666664, 0.4], [0.03333333333333333, 0.06666666666666667], [0.03333333333333333, 0.06666666666666667]], [[0.03333333333333333, 0.0], [0.2, 0.06666666666666667], [0.0, 0.1], [0.0, 0.0]], [[0.0, 0.0], [0.06666666666666667, 0.03333333333333333], [0.0, 0.1], [0.0, 0.0]]]],