{"prob_entropy": [[[0.5768379969582699, 0.447793516135284], [1.8210199970898142, 1.5295671973260312], [2.9445762999360503, 2.666667651467639], [3.936029459534815, 3.832801325866838], [4.438749590838561, 4.4322401846226285], [4.590465859190601, 4.590864816502584], [4.6016332300370655, 4.601795050803283]]], "model_reward": [[[[1.0, 1.0], [0.9133333333333333, 0.94], [0.35333333333333333, 0.96], [1.0, 1.0]], [[1.0, 1.0], [0.9, 0.9], [0.37333333333333335, 0.9533333333333334], [1.0, 1.0]], [[1.0, 1.0], [0.9066666666666666, 0.9066666666666666], [0.3933333333333333, 0.9333333333333333], [1.0, 1.0]], [[1.0, 1.0], [0.88, 0.9133333333333333], [0.5533333333333333, 0.6133333333333333], [1.0, 1.0]], [[1.0, 1.0], [0.94, 0.98], [0.4533333333333333, 0.7], [1.0, 1.0]], [[0.25333333333333335, 0.4266666666666667], [0.5266666666666666, 0.5266666666666666], [0.23333333333333334, 0.36], [0.26, 0.25333333333333335]], [[0.22666666666666666, 0.28], [0.35333333333333333, 0.4], [0.26, 0.25333333333333335], [0.24666666666666667, 0.26666666666666666]]], [[[1.0, 1.0], [0.92, 0.8733333333333333], [0.3466666666666667, 0.9733333333333334], [1.0, 1.0]], [[1.0, 1.0], [0.9, 0.8666666666666667], [0.35333333333333333, 0.96], [1.0, 1.0]], [[1.0, 1.0], [0.8866666666666667, 0.9133333333333333], [0.38, 0.9466666666666667], [1.0, 1.0]], [[1.0, 1.0], [0.8866666666666667, 0.9], [0.52, 0.6533333333333333], [1.0, 1.0]], [[1.0, 1.0], [0.9266666666666666, 0.9266666666666666], [0.47333333333333333, 0.8066666666666666], [1.0, 1.0]], [[0.3333333333333333, 0.32666666666666666], [0.48, 0.44], [0.18666666666666668, 0.3], [0.20666666666666667, 0.24666666666666667]], [[0.26, 0.26], [0.4, 0.3466666666666667], [0.26666666666666666, 0.26], [0.18, 0.31333333333333335]]], [[[1.0, 1.0], [0.94, 0.92], [0.3466666666666667, 0.9733333333333334], [1.0, 1.0]], [[1.0, 1.0], [0.94, 0.8466666666666667], [0.36666666666666664, 0.9533333333333334], [1.0, 1.0]], [[0.9933333333333333, 0.9933333333333333], [0.8333333333333334, 0.8466666666666667], [0.37333333333333335, 0.94], [1.0, 1.0]], [[1.0, 1.0], [0.9, 0.92], [0.5066666666666667, 0.6133333333333333], [1.0, 1.0]], [[1.0, 1.0], [0.92, 0.94], [0.4866666666666667, 0.88], [1.0, 1.0]], [[0.29333333333333333, 0.4266666666666667], [0.42, 0.47333333333333333], [0.2, 0.23333333333333334], [0.26, 0.24666666666666667]], [[0.2, 0.24666666666666667], [0.30666666666666664, 0.32], [0.20666666666666667, 0.25333333333333335], [0.26666666666666666, 0.22]]], [[[1.0, 1.0], [0.9266666666666666, 0.8733333333333333], [0.3466666666666667, 0.9733333333333334], [1.0, 1.0]], [[1.0, 1.0], [0.88, 0.8666666666666667], [0.38, 0.96], [1.0, 1.0]], [[1.0, 1.0], [0.8933333333333333, 0.9], [0.4066666666666667, 0.9466666666666667], [1.0, 1.0]], [[1.0, 1.0], [0.94, 0.8533333333333334], [0.6466666666666666, 0.5866666666666667], [1.0, 1.0]], [[1.0, 1.0], [0.9066666666666666, 0.9], [0.46, 0.7466666666666667], [1.0, 1.0]], [[0.34, 0.4], [0.54, 0.4866666666666667], [0.30666666666666664, 0.20666666666666667], [0.2733333333333333, 0.26666666666666666]], [[0.30666666666666664, 0.22], [0.34, 0.35333333333333333], [0.31333333333333335, 0.2], [0.24666666666666667, 0.26]]], [[[1.0, 1.0], [0.9, 0.8666666666666667], [0.3466666666666667, 0.9733333333333334], [1.0, 1.0]], [[1.0, 1.0], [0.9466666666666667, 0.8733333333333333], [0.35333333333333333, 0.9466666666666667], [1.0, 1.0]], [[1.0, 1.0], [0.9066666666666666, 0.92], [0.4066666666666667, 0.96], [1.0, 1.0]], [[1.0, 1.0], [0.8733333333333333, 0.9066666666666666], [0.42, 0.7466666666666667], [1.0, 1.0]], [[1.0, 1.0], [0.9333333333333333, 0.9666666666666667], [0.4866666666666667, 0.8133333333333334], [1.0, 1.0]], [[0.2733333333333333, 0.48], [0.46, 0.49333333333333335], [0.23333333333333334, 0.2733333333333333], [0.23333333333333334, 0.2]], [[0.25333333333333335, 0.22], [0.3933333333333333, 0.36666666666666664], [0.21333333333333335, 0.20666666666666667], [0.23333333333333334, 0.2866666666666667]]]], "model_reward_std": [[[[1.0, 1.0], [0.9133333333333333, 0.94], [0.35333333333333333, 0.96], [1.0, 1.0]], [[1.0, 1.0], [0.9, 0.9], [0.37333333333333335, 0.9533333333333334], [1.0, 1.0]], [[1.0, 1.0], [0.9066666666666666, 0.9066666666666666], [0.3933333333333333, 0.9333333333333333], [1.0, 1.0]], [[1.0, 1.0], [0.88, 0.9133333333333333], [0.5533333333333333, 0.6133333333333333], [1.0, 1.0]], [[1.0, 1.0], [0.94, 0.98], [0.4533333333333333, 0.7], [1.0, 1.0]], [[0.25333333333333335, 0.4266666666666667], [0.5266666666666666, 0.5266666666666666], [0.23333333333333334, 0.36], [0.26, 0.25333333333333335]], [[0.22666666666666666, 0.28], [0.35333333333333333, 0.4], [0.26, 0.25333333333333335], [0.24666666666666667, 0.26666666666666666]]], [[[1.0, 1.0], [0.92, 0.8733333333333333], [0.3466666666666667, 0.9733333333333334], [1.0, 1.0]], [[1.0, 1.0], [0.9, 0.8666666666666667], [0.35333333333333333, 0.96], [1.0, 1.0]], [[1.0, 1.0], [0.8866666666666667, 0.9133333333333333], [0.38, 0.9466666666666667], [1.0, 1.0]], [[1.0, 1.0], [0.8866666666666667, 0.9], [0.52, 0.6533333333333333], [1.0, 1.0]], [[1.0, 1.0], [0.9266666666666666, 0.9266666666666666], [0.47333333333333333, 0.8066666666666666], [1.0, 1.0]], [[0.3333333333333333, 0.32666666666666666], [0.48, 0.44], [0.18666666666666668, 0.3], [0.20666666666666667, 0.24666666666666667]], [[0.26, 0.26], [0.4, 0.3466666666666667], [0.26666666666666666, 0.26], [0.18, 0.31333333333333335]]], [[[1.0, 1.0], [0.94, 0.92], [0.3466666666666667, 0.9733333333333334], [1.0, 1.0]], [[1.0, 1.0], [0.94, 0.8466666666666667], [0.36666666666666664, 0.9533333333333334], [1.0, 1.0]], [[0.9933333333333333, 0.9933333333333333], [0.8333333333333334, 0.8466666666666667], [0.37333333333333335, 0.94], [1.0, 1.0]], [[1.0, 1.0], [0.9, 0.92], [0.5066666666666667, 0.6133333333333333], [1.0, 1.0]], [[1.0, 1.0], [0.92, 0.94], [0.4866666666666667, 0.88], [1.0, 1.0]], [[0.29333333333333333, 0.4266666666666667], [0.42, 0.47333333333333333], [0.2, 0.23333333333333334], [0.26, 0.24666666666666667]], [[0.2, 0.24666666666666667], [0.30666666666666664, 0.32], [0.20666666666666667, 0.25333333333333335], [0.26666666666666666, 0.22]]], [[[1.0, 1.0], [0.9266666666666666, 0.8733333333333333], [0.3466666666666667, 0.9733333333333334], [1.0, 1.0]], [[1.0, 1.0], [0.88, 0.8666666666666667], [0.38, 0.96], [1.0, 1.0]], [[1.0, 1.0], [0.8933333333333333, 0.9], [0.4066666666666667, 0.9466666666666667], [1.0, 1.0]], [[1.0, 1.0], [0.94, 0.8533333333333334], [0.6466666666666666, 0.5866666666666667], [1.0, 1.0]], [[1.0, 1.0], [0.9066666666666666, 0.9], [0.46, 0.7466666666666667], [1.0, 1.0]], [[0.34, 0.4], [0.54, 0.4866666666666667], [0.30666666666666664, 0.20666666666666667], [0.2733333333333333, 0.26666666666666666]], [[0.30666666666666664, 0.22], [0.34, 0.35333333333333333], [0.31333333333333335, 0.2], [0.24666666666666667, 0.26]]], [[[1.0, 1.0], [0.9, 0.8666666666666667], [0.3466666666666667, 0.9733333333333334], [1.0, 1.0]], [[1.0, 1.0], [0.9466666666666667, 0.8733333333333333], [0.35333333333333333, 0.9466666666666667], [1.0, 1.0]], [[1.0, 1.0], [0.9066666666666666, 0.92], [0.4066666666666667, 0.96], [1.0, 1.0]], [[1.0, 1.0], [0.8733333333333333, 0.9066666666666666], [0.42, 0.7466666666666667], [1.0, 1.0]], [[1.0, 1.0], [0.9333333333333333, 0.9666666666666667], [0.4866666666666667, 0.8133333333333334], [1.0, 1.0]], [[0.2733333333333333, 0.48], [0.46, 0.49333333333333335], [0.23333333333333334, 0.2733333333333333], [0.23333333333333334, 0.2]], [[0.25333333333333335, 0.22], [0.3933333333333333, 0.36666666666666664], [0.21333333333333335, 0.20666666666666667], [0.23333333333333334, 0.2866666666666667]]]],