{"prob_entropy": [[0.0012159083090080907, 0.9054768391798276, 2.2034094035781613]], "model_reward": [[[[1.0, 1.0], [0.95, 0.9], [1.0, 1.0], [1.0, 1.0]], [[0.9, 0.75], [0.65, 0.6], [0.65, 0.8], [0.75, 0.8]], [[0.25, 0.15], [0.2, 0.25], [0.1, 0.15], [0.15, 0.05]]], [[[1.0, 1.0], [1.0, 0.8], [1.0, 1.0], [1.0, 1.0]], [[0.6, 0.85], [0.7, 0.7], [0.75, 0.9], [0.8, 0.85]], [[0.2, 0.2], [0.25, 0.15], [0.15, 0.1], [0.05, 0.05]]], [[[1.0, 1.0], [0.95, 0.95], [1.0, 1.0], [1.0, 1.0]], [[0.85, 0.9], [0.75, 0.75], [0.95, 0.8], [0.75, 0.75]], [[0.25, 0.3], [0.15, 0.2], [0.05, 0.0], [0.05, 0.1]]], [[[1.0, 1.0], [0.9, 0.9], [1.0, 1.0], [1.0, 1.0]], [[0.75, 0.65], [0.65, 0.7], [0.65, 0.35], [0.85, 0.65]], [[0.1, 0.15], [0.2, 0.25], [0.1, 0.15], [0.1, 0.15]]]], "model_reward_std": [[[[0.0, 0.0], [0.0, 0.0], [0.0, 0.0], [0.0, 0.0]], [[0.0, 0.0], [0.0, 0.0], [0.0, 0.0], [0.0, 0.0]], [[0.0, 0.0], [0.0, 0.0], [0.0, 0.0], [0.0, 0.0]]], [[[0.0, 0.0], [0.0, 0.0], [0.0, 0.0], [0.0, 0.0]], [[0.0, 0.0], [0.0, 0.0], [0.0, 0.0], [0.0, 0.0]], [[0.0, 0.0], [0.0, 0.0], [0.0, 0.0], [0.0, 0.0]]], [[[0.0, 0.0], [0.0, 0.0], [0.0, 0.0], [0.0, 0.0]], [[0.0, 0.0], [0.0, 0.0], [0.0, 0.0], [0.0, 0.0]], [[0.0, 0.0], [0.0, 0.0], [0.0, 0.0], [0.0, 0.0]]], [[[0.0, 0.0], [0.0, 0.0], [0.0, 0.0], [0.0, 0.0]], [[0.0, 0.0], [0.0, 0.0], [0.0, 0.0], [0.0, 0.0]], [[0.0, 0.0], [0.0, 0.0], [0.0, 0.0], [0.0, 0.0]]]], "model_entropy": [[[0.09600426935314028, 0.3054583834285304, 1.1031023483244127, 0.0], [0.0, 0.5074488008112351, 0.37701788095970756, 0.0], [0.3795783076771287, 0.34605105350624105, 1.347086025436807, 0.0], [0.11483793103203575, 0.4211469345179828, 0.5755657604964992, 0.0], [1.805251236547198, 0.5465312647502392, 2.1927249164796496, 1.353468513290719], [1.4029463308193413, 0.34672350527663937, 2.178159995282691, 1.4940062326560868]], [[0.09798555735765856, 0.41253141109226005, 1.1050773850399649, 0.0], [0.0, 0.37689503242741235, 0.37701788095970756, 0.0], [0.44349379001130323, 0.29824669940720755, 1.4224284178649422, 0.0], [0.08380292055023339, 0.4700373725966197, 0.5724266323915856, 0.0], [1.6509526695174934, 0.20866347654369521, 2.193945247552035, 1.6475435802280505], [0.9580766712851067, 0.38064825130939334, 2.131311444955, 1.5002933178517288]], [[0.0983977140501816, 0.3661141498272249, 1.1031023483244127, 0.0], [0.0, 0.2519291546422236, 0.37701788095970756, 0.0], [0.31317457699256696, 0.30711195494994725, 1.3854225006031031, 0.0], [0.06617174778195753, 0.35823140347014354, 0.5367436415196066, 0.0], [1.8584200420920287, 0.3207985677329637, 2.1980552845677552, 1.5529762439745058], [0.8616014780018226, 0.33852187246445675, 2.022199093692194, 1.20646230382878]], [[0.13144648693829825, 0.32954739173156167, 1.1046251997819285, 0.0], [0.0, 0.5043317072586024, 0.37701788095970756, 0.0], [0.441344461990477, 0.17840252185583477, 1.5851792440682106, 0.0], [0.10786112177350542, 0.42338362272486907, 0.8359276308317419, 0.0], [1.7112709427311061, 0.4559259132569581, 2.1808204781409963, 1.5202573643230914], [1.555603522276475, 0.35413224328104265, 2.1284980650407834, 1.504487261052433]]], "model_entropy_std": [[[0.0, 0.0, 0.0, 0.0], [0.0, 0.0, 0.0, 0.0], [0.0, 0.0, 0.0, 0.0], [0.0, 0.0, 0.0, 0.0], [0.0, 0.0, 0.0, 0.0], [0.0, 0.0, 0.0, 0.0]], [[0.0, 0.0, 0.0, 0.0], [0.0, 0.0, 0.0, 0.0], [0.0, 0.0, 0.0, 0.0], [0.0, 0.0, 0.0, 0.0], [0.0, 0.0, 0.0, 0.0], [0.0, 0.0, 0.0, 0.0]], [[0.0, 0.0, 0.0, 0.0], [0.0, 0.0, 0.0, 0.0], [0.0, 0.0, 0.0, 0.0], [0.0, 0.0, 0.0, 0.0], [0.0, 0.0, 0.0, 0.0], [0.0, 0.0, 0.0, 0.0]], [[0.0, 0.0, 0.0, 0.0], [0.0, 0.0, 0.0, 0.0], [0.0, 0.0, 0.0, 0.0], [0.0, 0.0, 0.0, 0.0], [0.0, 0.0, 0.0, 0.0], [0.0, 0.0, 0.0, 0.0]]], "upper_list": [[[0.999894474723008, 0.999894474723008], [0.8028542930095884, 0.8028542930095884], [0.24890749914264962, 0.24890749914264962]], [[0.9998970308089065, 0.9998970308089065], [0.8139217139607492, 0.8139217139607492], [0.2538960047005551, 0.2538960047005551]], [[0.9998919369811651, 0.9998919369811651], [0.8252929246627932, 0.8252929246627932], [0.26257552004162843, 0.26257552004162843]], [[0.9996842971850991, 0.9996842971850991], [0.7695023608529327, 0.7695023608529327], [0.24216467290262578, 0.24216467290262578]]]}