{"prob_entropy": [[[1.9259615983438234, 1.3414744461743071], [3.273184184846053, 2.615616149352541], [3.862632139351181, 3.2998260025467125], [4.969321542511079, 4.8304713106598385], [5.254131551778446, 5.19828954615455], [5.658045267970698, 5.654889488212591], [5.700967649007213, 5.700953303923553]]], "model_reward": [[[[1.0, 1.0], [0.9066666666666666, 0.88], [0.0, 0.0], [1.0, 1.0]], [[1.0, 1.0], [0.9466666666666667, 0.8933333333333333], [0.006666666666666667, 0.013333333333333334], [1.0, 1.0]], [[1.0, 1.0], [0.88, 0.8533333333333334], [0.0, 0.13333333333333333], [1.0, 1.0]], [[1.0, 1.0], [0.9333333333333333, 0.8933333333333333], [0.02666666666666667, 0.17333333333333334], [1.0, 1.0]], [[1.0, 1.0], [0.88, 0.9], [0.2, 0.16666666666666666], [1.0, 1.0]], [[1.0, 1.0], [0.92, 0.94], [0.30666666666666664, 0.31333333333333335], [1.0, 1.0]], [[0.25333333333333335, 0.3466666666666667], [0.38, 0.25333333333333335], [0.21333333333333335, 0.29333333333333333], [0.2866666666666667, 0.30666666666666664]]], [[[1.0, 1.0], [0.8866666666666667, 0.9466666666666667], [0.0, 0.0], [1.0, 1.0]], [[1.0, 1.0], [0.92, 0.8866666666666667], [0.0, 0.013333333333333334], [1.0, 1.0]], [[1.0, 1.0], [0.88, 0.9266666666666666], [0.0, 0.08666666666666667], [1.0, 1.0]], [[1.0, 1.0], [0.9, 0.9066666666666666], [0.02, 0.20666666666666667], [1.0, 1.0]], [[1.0, 1.0], [0.92, 0.9066666666666666], [0.32666666666666666, 0.08], [1.0, 1.0]], [[1.0, 1.0], [0.9133333333333333, 0.9733333333333334], [0.24, 0.31333333333333335], [1.0, 1.0]], [[0.24666666666666667, 0.22666666666666666], [0.24666666666666667, 0.36666666666666664], [0.17333333333333334, 0.26], [0.21333333333333335, 0.25333333333333335]]], [[[1.0, 1.0], [0.8933333333333333, 0.9066666666666666], [0.0, 0.02], [1.0, 1.0]], [[1.0, 1.0], [0.8666666666666667, 0.88], [0.006666666666666667, 0.02666666666666667], [1.0, 1.0]], [[1.0, 1.0], [0.88, 0.9], [0.0, 0.14], [1.0, 1.0]], [[1.0, 1.0], [0.9333333333333333, 0.9133333333333333], [0.04, 0.18666666666666668], [1.0, 1.0]], [[1.0, 1.0], [0.9066666666666666, 0.9], [0.36666666666666664, 0.20666666666666667], [1.0, 1.0]], [[0.9933333333333333, 1.0], [0.92, 0.94], [0.26666666666666666, 0.2733333333333333], [1.0, 1.0]], [[0.25333333333333335, 0.25333333333333335], [0.3466666666666667, 0.36666666666666664], [0.26, 0.24], [0.30666666666666664, 0.2733333333333333]]], [[[1.0, 1.0], [0.8933333333333333, 0.8933333333333333], [0.0, 0.0], [1.0, 1.0]], [[1.0, 1.0], [0.9266666666666666, 0.94], [0.0, 0.0], [1.0, 1.0]], [[1.0, 1.0], [0.92, 0.8466666666666667], [0.0, 0.08], [1.0, 1.0]], [[1.0, 1.0], [0.8866666666666667, 0.8866666666666667], [0.05333333333333334, 0.12666666666666668], [1.0, 1.0]], [[1.0, 1.0], [0.9, 0.8866666666666667], [0.24666666666666667, 0.16666666666666666], [1.0, 1.0]], [[1.0, 1.0], [0.94, 0.9133333333333333], [0.17333333333333334, 0.2866666666666667], [1.0, 1.0]], [[0.26, 0.23333333333333334], [0.29333333333333333, 0.3466666666666667], [0.21333333333333335, 0.2733333333333333], [0.24666666666666667, 0.18666666666666668]]], [[[1.0, 1.0], [0.9066666666666666, 0.8933333333333333], [0.0, 0.006666666666666667], [1.0, 1.0]], [[1.0, 1.0], [0.9066666666666666, 0.9133333333333333], [0.013333333333333334, 0.03333333333333333], [1.0, 1.0]], [[1.0, 1.0], [0.8866666666666667, 0.8333333333333334], [0.0, 0.08], [1.0, 1.0]], [[1.0, 1.0], [0.88, 0.8466666666666667], [0.04, 0.21333333333333335], [1.0, 1.0]], [[1.0, 1.0], [0.8866666666666667, 0.9], [0.3933333333333333, 0.24], [1.0, 1.0]], [[1.0, 1.0], [0.92, 0.92], [0.22, 0.28], [1.0, 1.0]], [[0.23333333333333334, 0.23333333333333334], [0.26666666666666666, 0.2733333333333333], [0.25333333333333335, 0.2], [0.2866666666666667, 0.19333333333333333]]]], "model_reward_std": [[[[1.0, 1.0], [0.9066666666666666, 0.88], [0.0, 0.0], [1.0, 1.0]], [[1.0, 1.0], [0.9466666666666667, 0.8933333333333333], [0.006666666666666667, 0.013333333333333334], [1.0, 1.0]], [[1.0, 1.0], [0.88, 0.8533333333333334], [0.0, 0.13333333333333333], [1.0, 1.0]], [[1.0, 1.0], [0.9333333333333333, 0.8933333333333333], [0.02666666666666667, 0.17333333333333334], [1.0, 1.0]], [[1.0, 1.0], [0.88, 0.9], [0.2, 0.16666666666666666], [1.0, 1.0]], [[1.0, 1.0], [0.92, 0.94], [0.30666666666666664, 0.31333333333333335], [1.0, 1.0]], [[0.25333333333333335, 0.3466666666666667], [0.38, 0.25333333333333335], [0.21333333333333335, 0.29333333333333333], [0.2866666666666667, 0.30666666666666664]]], [[[1.0, 1.0], [0.8866666666666667, 0.9466666666666667], [0.0, 0.0], [1.0, 1.0]], [[1.0, 1.0], [0.92, 0.8866666666666667], [0.0, 0.013333333333333334], [1.0, 1.0]], [[1.0, 1.0], [0.88, 0.9266666666666666], [0.0, 0.08666666666666667], [1.0, 1.0]], [[1.0, 1.0], [0.9, 0.9066666666666666], [0.02, 0.20666666666666667], [1.0, 1.0]], [[1.0, 1.0], [0.92, 0.9066666666666666], [0.32666666666666666, 0.08], [1.0, 1.0]], [[1.0, 1.0], [0.9133333333333333, 0.9733333333333334], [0.24, 0.31333333333333335], [1.0, 1.0]], [[0.24666666666666667, 0.22666666666666666], [0.24666666666666667, 0.36666666666666664], [0.17333333333333334, 0.26], [0.21333333333333335, 0.25333333333333335]]], [[[1.0, 1.0], [0.8933333333333333, 0.9066666666666666], [0.0, 0.02], [1.0, 1.0]], [[1.0, 1.0], [0.8666666666666667, 0.88], [0.006666666666666667, 0.02666666666666667], [1.0, 1.0]], [[1.0, 1.0], [0.88, 0.9], [0.0, 0.14], [1.0, 1.0]], [[1.0, 1.0], [0.9333333333333333, 0.9133333333333333], [0.04, 0.18666666666666668], [1.0, 1.0]], [[1.0, 1.0], [0.9066666666666666, 0.9], [0.36666666666666664, 0.20666666666666667], [1.0, 1.0]], [[0.9933333333333333, 1.0], [0.92, 0.94], [0.26666666666666666, 0.2733333333333333], [1.0, 1.0]], [[0.25333333333333335, 0.25333333333333335], [0.3466666666666667, 0.36666666666666664], [0.26, 0.24], [0.30666666666666664, 0.2733333333333333]]], [[[1.0, 1.0], [0.8933333333333333, 0.8933333333333333], [0.0, 0.0], [1.0, 1.0]], [[1.0, 1.0], [0.9266666666666666, 0.94], [0.0, 0.0], [1.0, 1.0]], [[1.0, 1.0], [0.92, 0.8466666666666667], [0.0, 0.08], [1.0, 1.0]], [[1.0, 1.0], [0.8866666666666667, 0.8866666666666667], [0.05333333333333334, 0.12666666666666668], [1.0, 1.0]], [[1.0, 1.0], [0.9, 0.8866666666666667], [0.24666666666666667, 0.16666666666666666], [1.0, 1.0]], [[1.0, 1.0], [0.94, 0.9133333333333333], [0.17333333333333334, 0.2866666666666667], [1.0, 1.0]], [[0.26, 0.23333333333333334], [0.29333333333333333, 0.3466666666666667], [0.21333333333333335, 0.2733333333333333], [0.24666666666666667, 0.18666666666666668]]], [[[1.0, 1.0], [0.9066666666666666, 0.8933333333333333], [0.0, 0.006666666666666667], [1.0, 1.0]], [[1.0, 1.0], [0.9066666666666666, 0.9133333333333333], [0.013333333333333334, 0.03333333333333333], [1.0, 1.0]], [[1.0, 1.0], [0.8866666666666667, 0.8333333333333334], [0.0, 0.08], [1.0, 1.0]], [[1.0, 1.0], [0.88, 0.8466666666666667], [0.04, 0.21333333333333335], [1.0, 1.0]], [[1.0, 1.0], [0.8866666666666667, 0.9], [0.3933333333333333, 0.24], [1.0, 1.0]], [[1.0, 1.0], [0.92, 0.92], [0.22, 0.28], [1.0, 1.0]], [[0.23333333333333334, 0.23333333333333334], [0.26666666666666666, 0.2733333333333333], [0.25333333333333335, 0.2], [0.2866666666666667, 0.19333333333333333]]]],