{"prob_entropy": [[0.001386848980084773, 0.9531619074618757, 2.207758692732045]], "model_reward": [[[[[1.0, 1.0]], [[0.9, 0.8]], [[1.0, 1.0]], [[1.0, 1.0]]], [[[0.8, 0.7]], [[0.75, 0.7]], [[0.75, 0.45]], [[0.75, 0.7]]], [[[0.2, 0.3]], [[0.35, 0.2]], [[0.25, 0.05]], [[0.15, 0.05]]]], [[[[0.95, 1.0]], [[0.95, 1.0]], [[1.0, 1.0]], [[1.0, 1.0]]], [[[0.65, 0.75]], [[0.65, 0.6]], [[0.5, 0.25]], [[0.65, 0.85]]], [[[0.05, 0.1]], [[0.3, 0.3]], [[0.0, 0.1]], [[0.0, 0.25]]]], [[[[1.0, 1.0]], [[0.75, 1.0]], [[1.0, 1.0]], [[1.0, 1.0]]], [[[0.85, 0.85]], [[0.95, 0.8]], [[0.55, 0.8]], [[0.55, 0.75]]], [[[0.15, 0.25]], [[0.1, 0.25]], [[0.05, 0.1]], [[0.1, 0.05]]]], [[[[1.0, 1.0]], [[0.95, 0.95]], [[1.0, 1.0]], [[1.0, 1.0]]], [[[0.95, 0.7]], [[0.65, 0.7]], [[0.5, 0.8]], [[0.75, 0.9]]], [[[0.05, 0.2]], [[0.25, 0.15]], [[0.0, 0.25]], [[0.1, 0.25]]]], [[[[1.0, 1.0]], [[0.9, 0.9]], [[1.0, 1.0]], [[1.0, 1.0]]], [[[0.7, 0.9]], [[0.75, 0.8]], [[0.4, 0.8]], [[0.8, 0.65]]], [[[0.1, 0.25]], [[0.2, 0.1]], [[0.1, 0.05]], [[0.2, 0.05]]]]], "model_reward_std": [[[[[1.0, 1.0]], [[0.9, 0.8]], [[1.0, 1.0]], [[1.0, 1.0]]], [[[0.8, 0.7]], [[0.75, 0.7]], [[0.75, 0.45]], [[0.75, 0.7]]], [[[0.2, 0.3]], [[0.35, 0.2]], [[0.25, 0.05]], [[0.15, 0.05]]]], [[[[0.95, 1.0]], [[0.95, 1.0]], [[1.0, 1.0]], [[1.0, 1.0]]], [[[0.65, 0.75]], [[0.65, 0.6]], [[0.5, 0.25]], [[0.65, 0.85]]], [[[0.05, 0.1]], [[0.3, 0.3]], [[0.0, 0.1]], [[0.0, 0.25]]]], [[[[1.0, 1.0]], [[0.75, 1.0]], [[1.0, 1.0]], [[1.0, 1.0]]], [[[0.85, 0.85]], [[0.95, 0.8]], [[0.55, 0.8]], [[0.55, 0.75]]], [[[0.15, 0.25]], [[0.1, 0.25]], [[0.05, 0.1]], [[0.1, 0.05]]]], [[[[1.0, 1.0]], [[0.95, 0.95]], [[1.0, 1.0]], [[1.0, 1.0]]], [[[0.95, 0.7]], [[0.65, 0.7]], [[0.5, 0.8]], [[0.75, 0.9]]], [[[0.05, 0.2]], [[0.25, 0.15]], [[0.0, 0.25]], [[0.1, 0.25]]]], [[[[1.0, 1.0]], [[0.9, 0.9]], [[1.0, 1.0]], [[1.0, 1.0]]], [[[0.7, 0.9]], [[0.75, 0.8]], [[0.4, 0.8]], [[0.8, 0.65]]], [[[0.1, 0.25]], [[0.2, 0.1]], [[0.1, 0.05]], [[0.2, 0.05]]]]], "model_entropy": [[[0.14022885933550192, 0.3127451005219255, 1.1036202748168555, 0.0], [0.0, 0.44240281278813814, 0.37701788095970756, 0.0], [0.3137292875930957, 0.31928501835331746, 1.5778260774286064, 0.0], [0.17645798903198587, 0.1351945900720913, 0.2595677528700447, 0.0], [1.8189127274029009, 0.45616358575938126, 2.164150573594133, 1.4833433675355736], [1.3304336050148593, 0.4034868048640713, 2.0158995173453875, 1.1583051753973386]], [[0.0906891632742798, 0.42858986415765404, 1.1041382013092984, 0.0], [0.0, 0.3449695547370652, 0.37701788095970756, 0.0], [0.5637089572776478, 0.28069763573745166, 1.4715881815188854, 0.0], [0.17791043969880782, 0.2986274352163397, 0.6666068896569785, 0.0], [1.9363581345557046, 0.3890881383972477, 2.18263431615324, 1.2278786302912128], [1.5934721673582033, 0.25385968802064923, 2.0234246001026164, 1.4294480172255413]], [[0.144763136528572, 0.40890271797538325, 1.1054897516696591, 0.0], [0.0, 0.295566120561985, 0.37701788095970756, 0.0], [0.589873449583112, 0.3536544790489032, 1.5009970317350942, 0.0], [0.0, 0.3705776624844954, 0.7545161826304405, 0.0], [1.8837076591031392, 0.34548949179656435, 2.1862423901522465, 1.3468597490816887], [1.508850409418374, 0.3523249091348842, 2.1383127319334063, 1.2885681100561157]], [[0.09601336916515037, 0.2256944776796887, 1.1031023483244127, 0.0], [0.0, 0.4510088936945375, 0.37701788095970756, 0.0], [0.5587820057839343, 0.4337767727001823, 1.555369330680802, 0.0], [0.14740083717999752, 0.3610652879855613, 0.7902197764456929, 0.0], [1.9711030356127732, 0.29896212355522234, 2.2096501093311476, 1.5410973994834334], [1.7933892702886958, 0.2923933604026746, 2.0729427372181886, 1.55423979234564]], [[0.10343479413303633, 0.2895874878608514, 1.1061655268498394, 0.0], [0.0, 0.3620667985716634, 0.37701788095970756, 0.0], [0.3220988581265557, 0.3424952345218126, 1.5423147029771844, 0.0], [0.17307627349489157, 0.3728547939795776, 0.5621125378475589, 0.0], [1.8985660606720947, 0.3883364729091043, 2.1625303201564856, 1.5824080491401546], [1.4652220912563432, 0.4495588536187413, 2.009044919627191, 1.4283930884783484]]], "model_entropy_std": [[[0.0, 0.0, 0.0, 0.0], [0.0, 0.0, 0.0, 0.0], [0.0, 0.0, 0.0, 0.0], [0.0, 0.0, 0.0, 0.0], [0.0, 0.0, 0.0, 0.0], [0.0, 0.0, 0.0, 0.0]], [[0.0, 0.0, 0.0, 0.0], [0.0, 0.0, 0.0, 0.0], [0.0, 0.0, 0.0, 0.0], [0.0, 0.0, 0.0, 0.0], [0.0, 0.0, 0.0, 0.0], [0.0, 0.0, 0.0, 0.0]], [[0.0, 0.0, 0.0, 0.0], [0.0, 0.0, 0.0, 0.0], [0.0, 0.0, 0.0, 0.0], [0.0, 0.0, 0.0, 0.0], [0.0, 0.0, 0.0, 0.0], [0.0, 0.0, 0.0, 0.0]], [[0.0, 0.0, 0.0, 0.0], [0.0, 0.0, 0.0, 0.0], [0.0, 0.0, 0.0, 0.0], [0.0, 0.0, 0.0, 0.0], [0.0, 0.0, 0.0, 0.0], [0.0, 0.0, 0.0, 0.0]], [[0.0, 0.0, 0.0, 0.0], [0.0, 0.0, 0.0, 0.0], [0.0, 0.0, 0.0, 0.0], [0.0, 0.0, 0.0, 0.0], [0.0, 0.0, 0.0, 0.0], [0.0, 0.0, 0.0, 0.0]]], "upper_list": [[[0.9998793943855422, 0.9998793943855422], [0.7898458035629333, 0.7898458035629333], [0.24432653295269643, 0.24432653295269643]], [[0.9995727466516583, 0.9995727466516583], [0.7461331163070261, 0.7461331163070261], [0.2363154387832847, 0.2363154387832847]], [[0.9998075534271933, 0.9998075534271933], [0.770836946289891, 0.770836946289891], [0.23956555107631589, 0.23956555107631589]], [[0.999558738521552, 0.999558738521552], [0.7243425832509294, 0.7243425832509294], [0.2262713520859947, 0.2262713520859947]], [[0.9997674193794784, 0.9997674193794784], [0.7758168458603237, 0.7758168458603237], [0.2426019282576169, 0.2426019282576169]]]}