{"prob_entropy": [[[1.1340585254067426, 1.1614429840539207], [2.2850307634678555, 2.3211498252426996], [3.9804168200620724, 3.9877411235942057], [4.787260127327041, 4.771896348977178], [5.137759142967503, 5.1317777533161095], [5.269388406237617, 5.268727266322894], [5.295329586516404, 5.295273158308465]]], "model_reward": [[[[1.0, 1.0], [0.9, 0.94], [0.17333333333333334, 0.9933333333333333], [1.0, 1.0]], [[1.0, 1.0], [0.9133333333333333, 0.92], [0.17333333333333334, 0.9466666666666667], [1.0, 1.0]], [[1.0, 1.0], [0.9, 0.9066666666666666], [0.19333333333333333, 0.8466666666666667], [1.0, 1.0]], [[1.0, 1.0], [0.9, 0.9133333333333333], [0.2733333333333333, 0.4], [1.0, 1.0]], [[1.0, 1.0], [0.9, 0.96], [0.3333333333333333, 0.38666666666666666], [1.0, 1.0]], [[0.42, 0.7], [0.6466666666666666, 0.68], [0.24, 0.24], [0.24, 0.19333333333333333]], [[0.2, 0.2733333333333333], [0.34, 0.38], [0.26, 0.2733333333333333], [0.24, 0.26666666666666666]]], [[[1.0, 1.0], [0.9066666666666666, 0.8533333333333334], [0.17333333333333334, 0.9866666666666667], [1.0, 1.0]], [[1.0, 1.0], [0.9066666666666666, 0.96], [0.19333333333333333, 0.9733333333333334], [1.0, 1.0]], [[1.0, 1.0], [0.9, 0.9333333333333333], [0.17333333333333334, 0.8266666666666667], [1.0, 1.0]], [[1.0, 1.0], [0.9133333333333333, 0.9066666666666666], [0.26666666666666666, 0.38], [1.0, 1.0]], [[1.0, 1.0], [0.9533333333333334, 0.9133333333333333], [0.24, 0.38], [1.0, 1.0]], [[0.24666666666666667, 0.6], [0.68, 0.6333333333333333], [0.25333333333333335, 0.24666666666666667], [0.24666666666666667, 0.20666666666666667]], [[0.2, 0.28], [0.2733333333333333, 0.3333333333333333], [0.22, 0.2], [0.32, 0.18666666666666668]]], [[[1.0, 1.0], [0.9133333333333333, 0.86], [0.17333333333333334, 0.9866666666666667], [1.0, 1.0]], [[1.0, 1.0], [0.9, 0.8933333333333333], [0.17333333333333334, 0.94], [1.0, 1.0]], [[1.0, 1.0], [0.9133333333333333, 0.9133333333333333], [0.13333333333333333, 0.6666666666666666], [1.0, 1.0]], [[1.0, 1.0], [0.9066666666666666, 0.9], [0.26666666666666666, 0.3], [1.0, 1.0]], [[1.0, 1.0], [0.9333333333333333, 0.8933333333333333], [0.34, 0.43333333333333335], [1.0, 1.0]], [[0.54, 0.76], [0.6733333333333333, 0.7133333333333334], [0.30666666666666664, 0.22], [0.3, 0.2733333333333333]], [[0.3, 0.28], [0.3, 0.4266666666666667], [0.22, 0.24666666666666667], [0.24666666666666667, 0.37333333333333335]]], [[[1.0, 1.0], [0.8733333333333333, 0.9333333333333333], [0.17333333333333334, 0.9866666666666667], [1.0, 1.0]], [[1.0, 1.0], [0.92, 0.8933333333333333], [0.16666666666666666, 0.9333333333333333], [1.0, 1.0]], [[1.0, 1.0], [0.9, 0.9466666666666667], [0.10666666666666667, 0.8], [1.0, 1.0]], [[0.9933333333333333, 1.0], [0.8933333333333333, 0.88], [0.23333333333333334, 0.44], [1.0, 1.0]], [[1.0, 1.0], [0.9666666666666667, 0.88], [0.23333333333333334, 0.3933333333333333], [1.0, 1.0]], [[0.38, 0.6733333333333333], [0.6133333333333333, 0.66], [0.23333333333333334, 0.22666666666666666], [0.28, 0.24]], [[0.24666666666666667, 0.24666666666666667], [0.32, 0.31333333333333335], [0.26, 0.26], [0.18, 0.21333333333333335]]], [[[1.0, 1.0], [0.9466666666666667, 0.9266666666666666], [0.17333333333333334, 0.98], [1.0, 1.0]], [[1.0, 1.0], [0.94, 0.9133333333333333], [0.16666666666666666, 0.94], [1.0, 1.0]], [[1.0, 1.0], [0.8933333333333333, 0.9266666666666666], [0.12666666666666668, 0.76], [1.0, 1.0]], [[1.0, 1.0], [0.8666666666666667, 0.9], [0.26666666666666666, 0.36666666666666664], [1.0, 1.0]], [[1.0, 1.0], [0.9266666666666666, 0.9333333333333333], [0.30666666666666664, 0.35333333333333333], [1.0, 1.0]], [[0.3933333333333333, 0.68], [0.7133333333333334, 0.7266666666666667], [0.20666666666666667, 0.36], [0.28, 0.25333333333333335]], [[0.2733333333333333, 0.22], [0.35333333333333333, 0.36666666666666664], [0.2866666666666667, 0.22666666666666666], [0.22666666666666666, 0.2]]]], "model_reward_std": [[[[1.0, 1.0], [0.9, 0.94], [0.17333333333333334, 0.9933333333333333], [1.0, 1.0]], [[1.0, 1.0], [0.9133333333333333, 0.92], [0.17333333333333334, 0.9466666666666667], [1.0, 1.0]], [[1.0, 1.0], [0.9, 0.9066666666666666], [0.19333333333333333, 0.8466666666666667], [1.0, 1.0]], [[1.0, 1.0], [0.9, 0.9133333333333333], [0.2733333333333333, 0.4], [1.0, 1.0]], [[1.0, 1.0], [0.9, 0.96], [0.3333333333333333, 0.38666666666666666], [1.0, 1.0]], [[0.42, 0.7], [0.6466666666666666, 0.68], [0.24, 0.24], [0.24, 0.19333333333333333]], [[0.2, 0.2733333333333333], [0.34, 0.38], [0.26, 0.2733333333333333], [0.24, 0.26666666666666666]]], [[[1.0, 1.0], [0.9066666666666666, 0.8533333333333334], [0.17333333333333334, 0.9866666666666667], [1.0, 1.0]], [[1.0, 1.0], [0.9066666666666666, 0.96], [0.19333333333333333, 0.9733333333333334], [1.0, 1.0]], [[1.0, 1.0], [0.9, 0.9333333333333333], [0.17333333333333334, 0.8266666666666667], [1.0, 1.0]], [[1.0, 1.0], [0.9133333333333333, 0.9066666666666666], [0.26666666666666666, 0.38], [1.0, 1.0]], [[1.0, 1.0], [0.9533333333333334, 0.9133333333333333], [0.24, 0.38], [1.0, 1.0]], [[0.24666666666666667, 0.6], [0.68, 0.6333333333333333], [0.25333333333333335, 0.24666666666666667], [0.24666666666666667, 0.20666666666666667]], [[0.2, 0.28], [0.2733333333333333, 0.3333333333333333], [0.22, 0.2], [0.32, 0.18666666666666668]]], [[[1.0, 1.0], [0.9133333333333333, 0.86], [0.17333333333333334, 0.9866666666666667], [1.0, 1.0]], [[1.0, 1.0], [0.9, 0.8933333333333333], [0.17333333333333334, 0.94], [1.0, 1.0]], [[1.0, 1.0], [0.9133333333333333, 0.9133333333333333], [0.13333333333333333, 0.6666666666666666], [1.0, 1.0]], [[1.0, 1.0], [0.9066666666666666, 0.9], [0.26666666666666666, 0.3], [1.0, 1.0]], [[1.0, 1.0], [0.9333333333333333, 0.8933333333333333], [0.34, 0.43333333333333335], [1.0, 1.0]], [[0.54, 0.76], [0.6733333333333333, 0.7133333333333334], [0.30666666666666664, 0.22], [0.3, 0.2733333333333333]], [[0.3, 0.28], [0.3, 0.4266666666666667], [0.22, 0.24666666666666667], [0.24666666666666667, 0.37333333333333335]]], [[[1.0, 1.0], [0.8733333333333333, 0.9333333333333333], [0.17333333333333334, 0.9866666666666667], [1.0, 1.0]], [[1.0, 1.0], [0.92, 0.8933333333333333], [0.16666666666666666, 0.9333333333333333], [1.0, 1.0]], [[1.0, 1.0], [0.9, 0.9466666666666667], [0.10666666666666667, 0.8], [1.0, 1.0]], [[0.9933333333333333, 1.0], [0.8933333333333333, 0.88], [0.23333333333333334, 0.44], [1.0, 1.0]], [[1.0, 1.0], [0.9666666666666667, 0.88], [0.23333333333333334, 0.3933333333333333], [1.0, 1.0]], [[0.38, 0.6733333333333333], [0.6133333333333333, 0.66], [0.23333333333333334, 0.22666666666666666], [0.28, 0.24]], [[0.24666666666666667, 0.24666666666666667], [0.32, 0.31333333333333335], [0.26, 0.26], [0.18, 0.21333333333333335]]], [[[1.0, 1.0], [0.9466666666666667, 0.9266666666666666], [0.17333333333333334, 0.98], [1.0, 1.0]], [[1.0, 1.0], [0.94, 0.9133333333333333], [0.16666666666666666, 0.94], [1.0, 1.0]], [[1.0, 1.0], [0.8933333333333333, 0.9266666666666666], [0.12666666666666668, 0.76], [1.0, 1.0]], [[1.0, 1.0], [0.8666666666666667, 0.9], [0.26666666666666666, 0.36666666666666664], [1.0, 1.0]], [[1.0, 1.0], [0.9266666666666666, 0.9333333333333333], [0.30666666666666664, 0.35333333333333333], [1.0, 1.0]], [[0.3933333333333333, 0.68], [0.7133333333333334, 0.7266666666666667], [0.20666666666666667, 0.36], [0.28, 0.25333333333333335]], [[0.2733333333333333, 0.22], [0.35333333333333333, 0.36666666666666664], [0.2866666666666667, 0.22666666666666666], [0.22666666666666666, 0.2]]]],