{"reward":0.3013125,"_timestamp":1.7328941930508952e+09,"_runtime":337.23915,"_step":0,"_wandb":{"runtime":337}}