{"_timestamp":1.732805722920321e+09,"_runtime":320.798745,"_step":0,"_wandb":{"runtime":320},"regret":0.37258300946441864}