{"_timestamp":1.732807376894936e+09,"_runtime":320.958498,"_step":0,"_wandb":{"runtime":320},"regret":0.3854273509683408}