{"_timestamp":1.7328911551007419e+09,"_runtime":320.558315,"_step":0,"_wandb":{"runtime":320},"reward":0.09481249999999998}