{"_wandb":{"runtime":322},"regret":0.38207260165766754,"_timestamp":1.732813622837947e+09,"_runtime":322.130795,"_step":0}